Time,Open,High,Low,Close,WL,macd,macd_d,rsi
2021-02-09,1.20525,1.212195,1.2049349999999999,1.21162,52.574239448011646,-0.003509238154779215,0.0003642959639574492,53.34015525282652
2021-02-10,1.21164,1.2144,1.210885,1.2119,2.145391533954344,-0.0029054736586662244,0.0007744483680563524,53.72394713752179
2021-02-11,1.21191,1.214965,1.21135,1.21307,9.562514941430006,-0.0023059946527812514,0.0010991418991530607,55.37566831326768
2021-02-12,1.21308,1.213325,1.2081499999999998,1.21185,-10.149771011262468,-0.0019073601649477467,0.0011982211095892524,53.241685694706874
2021-02-14,1.21292,1.215205,1.210605,1.21205,-7.177921702899438,-0.001500972885819074,0.00109197133344006,53.241685694706874
2021-02-15,1.21206,1.214525,1.2116950000000002,1.21321,9.478985501273353,-0.0011254462429295398,0.0011739983810636753,55.28789124672818
2021-02-16,1.21321,1.216955,1.208605,1.20884,-36.150359021872084,-0.0011670086025694637,0.0009059488171390012,46.95199021347868
2021-02-17,1.20883,1.2098499999999999,1.20234,1.20456,-35.44862854486282,-0.0015276969629418602,0.00043620836541328383,40.509849978652014
2021-02-18,1.20455,1.2095950000000002,1.20357,1.20919,38.37279501153647,-0.0014235331773311266,0.0004322977208192141,48.70851832653974
2021-02-19,1.20919,1.21446,1.2082350000000002,1.21168,20.549980192791026,-0.0011270682948461008,0.000583010082643392,52.49988634885473
2021-02-21,1.21157,1.21298,1.2115,1.21247,7.422864070862792,-0.0007633037534258147,0.0006641380860279999,52.49988634885473
2021-02-22,1.21248,1.21695,1.209125,1.21642,32.39012840959582,-0.00020674658712938054,0.0009765562018595473,58.567813393845576
2021-02-23,1.21642,1.2180149999999998,1.213535,1.2151,-10.863303431816211,0.00012635941594774103,0.001047729763949335,55.99359396099273
2021-02-24,1.21509,1.2174749999999999,1.210895,1.21696,15.366158296082356,0.0005342759777209327,0.0011645170605780217,58.74519098867221
2021-02-25,1.21697,1.22432,1.213675,1.2158,-9.623293304820821,0.0007552444978826678,0.0011083884645918052,56.377607512573796
2021-02-26,1.21579,1.218275,1.20649,1.20656,-76.49847500331396,0.0001826671903413235,0.00042864892564036883,41.89383330418771
2021-02-28,1.2071,1.2092,1.20695,1.20905,16.128365245439777,-0.00012291304868594644,2.987112118802012e-05,41.8938333041877
