,Long0,Short0,Long1,Short1,Long2,Short2,Long3,Short3,Long4,Short4,Long5,Short5,Long6,Short6,Long7,Short7,Long8,Short8,Long9,Short9
0,0.0,0.0,0.0,0.0,0.0,0.0,0.0,0.0,0.0,0.0,0.0,0.0,0.0,0.0,0.0,0.0,0.0,0.0,0.0,0.0
1,0.0,0.0,0.0,0.0,0.0,0.0,0.0,0.0,0.0,0.0,0.0,0.0,0.0,0.0,0.0,0.0,0.0,0.0,0.0,0.0
2,0.0,0.0,0.0,0.0,0.0,0.0,0.0,0.0,0.0,0.0,0.0,0.0,0.0,0.0,0.0,0.0,0.0,0.0,0.0,0.0
3,0.0,0.0,0.0,0.0,0.0,0.0,0.0,0.0,0.0,0.0,0.0,0.0,0.0,0.0,0.0,0.0,0.0,0.0,0.0,0.0
4,0.0,0.0,0.0,0.0,0.0,0.0,0.0,0.0,0.0,0.0,0.0,0.0,0.0,0.0,0.0,0.0,0.0,0.0,0.0,0.0
5,0.0,0.0,0.0,0.0,0.0,0.0,0.0,0.0,0.0,0.0,0.0,0.0,0.0,0.0,0.0,0.0,0.0,0.0,0.0,0.0
6,0.0,0.0,0.0,0.0,0.0,0.0,0.0,0.0,0.0,0.0,0.0,0.0,0.0,0.0,0.0,0.0,0.0,0.0,0.0,0.0
7,0.0,0.0,0.0,0.0,0.0,0.0,0.0,0.0,0.0,0.0,0.0,0.0,0.0,0.0,0.0,0.0,0.0,0.0,0.0,0.0
8,0.0,0.0,0.0,0.0,0.0,0.0,0.0,0.0,0.0,0.0,0.0,0.0,0.0,0.0,0.0,0.0,0.0,0.0,0.0,0.0
9,0.0,0.0,0.0,0.0,0.0,0.0,0.0,0.0,0.0,0.0,0.0,0.0,0.0,0.0,0.0,0.0,0.0,0.0,0.0,0.0
10,0.0,0.0,0.0,0.0,0.0,0.0,0.0,0.0,0.0,0.0,0.0,0.0,0.0,0.0,0.0,0.0,0.0,0.0,0.0,0.0
11,0.0,0.0,0.0,0.0,0.0,0.0,0.0,0.0,0.0,0.0,0.0,0.0,0.0,0.0,0.0,0.0,0.0,0.0,0.0,0.0
12,0.0,0.0,0.0,0.0,0.0,0.0,0.0,0.0,0.0,0.0,0.0,0.0,0.0,0.0,0.0,0.0,0.0,0.0,0.0,0.0
13,0.0,0.0,0.0,0.0,0.0,0.0,0.0,0.0,0.0,0.0,0.0,0.0,0.0,0.0,0.0,0.0,0.0,0.0,0.0,0.0
14,0.0,0.0,0.0,0.0,0.0,0.0,0.0,0.0,0.0,0.0,0.0,0.0,0.0,0.0,0.0,0.0,0.0,0.0,0.0,0.0
15,0.0,0.0,0.0,0.0,0.0,0.0,0.0,0.0,0.0,0.0,0.0,0.0,0.0,0.0,0.0,0.0,0.0,0.0,0.0,0.0
16,0.0,0.0,0.0,0.0,0.0,0.0,0.0,0.0,0.0,0.0,0.0,0.0,0.0,0.0,0.0,0.0,0.0,0.0,0.0,0.0
17,0.0,0.0,0.0,0.0,0.0,0.0,0.0,0.0,0.0,0.0,0.0,0.0,0.0,0.0,0.0,0.0,0.0,0.0,0.0,0.0
18,0.0,0.0,0.0,0.0,0.0,0.0,0.0,0.0,0.0,0.0,0.0,0.0,0.0,0.0,0.0,0.0,0.0,0.0,0.0,0.0
19,0.0,0.0,0.0,0.0,0.0,0.0,0.0,0.0,0.0,0.0,0.0,0.0,0.0,0.0,0.0,0.0,0.0,0.0,0.0,0.0
20,0.0,0.0,0.0,0.0,0.0,0.0,0.0,0.0,0.0,0.0,0.0,0.0,0.0,0.0,0.0,0.0,0.0,0.0,0.0,0.0
21,0.0,0.0,0.0,0.0,0.0,0.0,0.0,0.0,0.0,0.0,0.0,0.0,0.0,0.0,0.0,0.0,0.0,0.0,0.0,0.0
22,0.0,0.0,0.0,0.0,0.0,0.0,0.0,0.0,0.0,0.0,0.0,0.0,0.0,0.0,0.0,0.0,0.0,0.0,0.0,0.0
23,0.0,0.0,0.0,0.0,0.0,0.0,0.0,0.0,0.0,0.0,0.0,0.0,0.0,0.0,0.0,0.0,0.0,0.0,0.0,0.0
24,0.0,0.0,0.0,0.0,0.0,0.0,0.0,0.0,0.0,0.0,0.0,0.0,0.0,0.0,0.0,0.0,0.0,0.0,0.0,0.0
25,0.0,0.0,0.0,0.0,0.0,0.0,0.0,0.0,0.0,0.0,0.0,0.0,0.0,0.0,0.0,0.0,0.0,0.0,0.0,0.0
26,0.0,0.0,0.0,0.0,0.0,0.0,0.0,0.0,0.0,0.0,0.0,0.0,0.0,0.0,0.0,0.0,0.0,0.0,0.0,0.0
27,0.0,0.0,0.0,0.0,0.0,0.0,0.0,0.0,0.0,0.0,0.0,0.0,0.0,0.0,0.0,0.0,0.0,0.0,0.0,0.0
28,0.0,0.0,0.0,0.0,0.0,0.0,0.0,0.0,0.0,0.0,0.0,0.0,0.0,0.0,0.0,0.0,0.0,0.0,0.0,0.0
29,0.0,0.0,0.0,0.0,0.0,0.0,0.0,0.0,0.0,0.0,0.0,0.0,0.0,0.0,0.0,0.0,0.0,0.0,0.0,0.0
30,0.0,0.0,0.0,0.0,0.0,0.0,0.0,0.0,0.0,0.0,0.0,0.0,0.0,0.0,0.0,0.0,0.0,0.0,0.0,0.0
31,0.0,0.0,0.0,0.0,0.0,0.0,0.0,0.0,0.0,0.0,0.0,0.0,0.0,0.0,0.0,0.0,0.0,0.0,0.0,0.0
32,0.0,0.0,0.0,0.0,0.0,0.0,0.0,0.0,0.0,0.0,0.0,0.0,0.0,0.0,0.0,0.0,0.0,0.0,0.0,0.0
33,0.0,0.0,0.0,0.0,0.0,0.0,0.0,0.0,0.0,0.0,0.0,0.0,0.0,0.0,0.0,0.0,0.0,0.0,0.0,0.0
34,0.0,0.0,0.0,0.0,0.0,0.0,0.0,0.0,0.0,0.0,0.0,0.0,0.0,0.0,0.0,0.0,0.0,0.0,0.0,0.0
35,0.0,0.0,0.0,0.0,0.0,0.0,0.0,0.0,0.0,0.0,0.0,0.0,0.0,0.0,0.0,0.0,0.0,0.0,0.0,0.0
36,0.0,0.0,0.0,0.0,0.0,0.0,0.0,0.0,0.0,0.0,0.0,0.0,0.0,0.0,0.0,0.0,0.0,0.0,0.0,0.0
37,0.0,0.0,0.0,0.0,0.0,0.0,0.0,0.0,0.0,0.0,0.0,0.0,0.0,0.0,0.0,0.0,0.0,0.0,0.0,0.0
38,0.0,0.0,0.0,0.0,0.0,0.0,0.0,0.0,0.0,0.0,0.0,0.0,0.0,0.0,0.0,0.0,0.0,0.0,0.0,0.0
39,0.0,0.0,0.0,0.0,0.0,0.0,0.0,0.0,0.0,0.0,0.0,0.0,0.0,0.0,0.0,0.0,0.0,0.0,0.0,0.0
40,0.0,0.0,0.0,0.0,0.0,0.0,0.0,0.0,0.0,0.0,0.0,0.0,0.0,0.0,0.0,0.0,0.0,0.0,0.0,0.0
41,0.0,0.0,0.0,0.0,0.0,0.0,0.0,0.0,0.0,0.0,0.0,0.0,0.0,0.0,0.0,0.0,0.0,0.0,0.0,0.0
42,0.0,0.0,0.0,0.0,0.0,0.0,0.0,0.0,0.0,0.0,0.0,0.0,0.0,0.0,0.0,0.0,0.0,0.0,0.0,0.0
43,0.0,0.0,0.0,0.0,0.0,0.0,0.0,0.0,0.0,0.0,0.0,0.0,0.0,0.0,0.0,0.0,0.0,0.0,0.0,0.0
44,0.0,0.0,0.0,0.0,0.0,0.0,0.0,0.0,0.0,0.0,0.0,0.0,0.0,0.0,0.0,0.0,0.0,0.0,0.0,0.0
45,0.0,0.0,0.0,0.0,0.0,0.0,0.0,0.0,0.0,0.0,0.0,0.0,0.0,0.0,0.0,0.0,0.0,0.0,0.0,0.0
46,0.0,0.0,0.0,0.0,0.0,0.0,0.0,0.0,0.0,0.0,0.0,0.0,0.0,0.0,0.0,0.0,0.0,0.0,0.0,0.0
47,0.0,0.0,0.0,0.0,0.0,0.0,0.0,0.0,0.0,0.0,0.0,0.0,0.0,0.0,0.0,0.0,0.0,0.0,0.0,0.0
48,0.0,0.0,0.0,0.0,0.0,0.0,0.0,0.0,0.0,0.0,0.0,0.0,0.0,0.0,0.0,0.0,0.0,0.0,0.0,0.0
49,0.0,0.0,0.0,0.0,0.0,0.0,0.0,0.0,0.0,0.0,0.0,0.0,0.0,0.0,0.0,0.0,0.0,0.0,0.0,0.0
50,0.0,0.0,0.0,0.0,0.0,0.0,0.0,0.0,0.0,0.0,0.0,0.0,0.0,0.0,0.0,0.0,0.0,0.0,0.0,0.0
51,0.0,0.0,0.0,0.0,0.0,0.0,0.0,0.0,0.0,0.0,0.0,0.0,0.0,0.0,0.0,0.0,0.0,0.0,0.0,0.0
52,0.0,0.0,0.0,0.0,0.0,0.0,0.0,0.0,0.0,0.0,0.0,0.0,0.0,0.0,0.0,0.0,0.0,0.0,0.0,0.0
53,0.0,0.0,0.0,0.0,0.0,0.0,0.0,0.0,0.0,0.0,0.0,0.0,0.0,0.0,0.0,0.0,0.0,0.0,0.0,0.0
54,0.0,0.0,0.0,0.0,0.0,0.0,0.0,0.0,0.0,0.0,0.0,0.0,0.0,0.0,0.0,0.0,0.0,0.0,0.0,0.0
55,0.0,0.0,0.0,0.0,0.0,0.0,0.0,0.0,0.0,0.0,0.0,0.0,0.0,0.0,0.0,0.0,0.0,0.0,0.0,0.0
56,0.0,0.0,0.0,0.0,0.0,0.0,0.0,0.0,0.0,0.0,0.0,0.0,0.0,0.0,0.0,0.0,0.0,0.0,0.0,0.0
57,0.0,0.0,0.0,0.0,0.0,0.0,0.0,0.0,0.0,0.0,0.0,0.0,0.0,0.0,0.0,0.0,0.0,0.0,0.0,0.0
58,0.0,0.0,0.0,0.0,0.0,0.0,0.0,0.0,0.0,0.0,0.0,0.0,0.0,0.0,0.0,0.0,0.0,0.0,0.0,0.0
59,0.3798879887989189,-0.4239823982398551,0.35362536253629145,-0.4261526152615494,0.390539053905431,-0.4167916791679389,0.41491149114915854,-0.42458245824585256,0.3972997299730377,-0.4580058005800885,0.42059205920596143,-0.4321932193219555,0.36633663366340724,-0.4176917691769475,0.4153015301530529,-0.414651465146541,0.3701870187019077,-0.4365336533653666,0.3946294629463348,-0.44171417141716807
60,0.7566956695669257,-0.8348734873487005,0.7227822782277772,-0.8194119411940762,0.7753175317531362,-0.797889788978857,0.7911291129112574,-0.831063106310585,0.8035003500349741,-0.8481848184818082,0.8277227722771978,-0.8413441344134001,0.7163616361635827,-0.8125012501249819,0.7996199619961595,-0.779527952795239,0.7529452945294154,-0.8158015801579783,0.7815481548154495,-0.8170517051704719
61,1.0690269026902148,-1.1418041804179875,1.034713471347066,-1.1565756575657002,1.0871587158715261,-1.110321032103153,1.0801280128012236,-1.1556855685567904,1.1386038603859883,-1.1642264226422063,1.1487748774877016,-1.1516951695168998,1.0293829382937716,-1.1710971097109237,1.108270827082647,-1.1044104410440503,1.082708270827029,-1.12757275727567,1.0949494949494423,-1.1307330733072705
62,1.3081708170817767,-1.3935793579358382,1.2852885288529445,-1.3873487348735298,1.32776277627769,-1.3682768276828168,1.296879687968861,-1.3917691769177285,1.3492349234924144,-1.4059705970597483,1.3902290229023613,-1.3837183718372301,1.2763576357636366,-1.430143014301493,1.364946494649524,-1.3669266926693164,1.3359435943595044,-1.3811281128113282,1.3282028202820966,-1.3793979397940228
63,1.3724072407241776,-1.4438443844385178,1.3495149514952411,-1.456505650565137,1.4018001800181015,-1.4151715171518018,1.3582358235824559,-1.454695469547033,1.4012601260127056,-1.4898689868987725,1.4633163316332747,-1.408270827082788,1.3281228122813291,-1.4833083308331754,1.4155015501551118,-1.4054405440544921,1.405820582058314,-1.444924492449333,1.3970197019703041,-1.4186518651866076
64,0.7127812781278212,-0.8355235523552493,0.7476747674767558,-0.8469446944694604,0.7972897289729133,-0.8160016001600303,0.7574557455745702,-0.8782178217821883,0.8035203520352263,-0.895389538953909,0.8388138813881572,-0.8100010001000197,0.7301530153015419,-0.8444444444444578,0.8223622362236354,-0.7632363236323706,0.8207220722072415,-0.8046904690469145,0.8173117311731347,-0.80393039303932
65,-0.14653465346539998,0.015651565156561055,-0.07847784778482614,0.019451945194571045,-0.04658465846589232,-0.01360136013597174,-0.13919391939199868,-0.016381638163767823,-0.07697769776981922,-0.03440344034398101,-0.000910091009137239,0.0758775877588328,-0.10458045804585515,0.04205420542059068,-0.05506550655070896,0.054855485548605816,-0.07803780378042452,0.04683468346840044,-0.06782678267831743,0.004450445044540281
66,-0.803570357035847,0.6623462346235943,-0.6924892489250266,0.649514951495278,-0.6888688868888188,0.5898489848986129,-0.7740574057407102,0.596519651965325,-0.719121912191341,0.6234623462347596,-0.6767476747675966,0.6896889688970278,-0.7088408840885382,0.6856285628564182,-0.6883388338835236,0.6748374837485083,-0.7148314831484409,0.6848484848486216,-0.7486848684869846,0.6346934693470538
67,-1.258235823582509,1.125052505250672,-1.1677667766778141,1.124672467246874,-1.1780978097811199,1.0522452245225904,-1.2426542654266983,1.0701970197021087,-1.1910291029104307,1.1007100710072542,-1.1726372637265114,1.1494649464947992,-1.1869986998701356,1.1461446144615846,-1.1378237823783768,1.1565856585660075,-1.1897189718973316,1.1632563256327122,-1.1961796179619444,1.1171817181719519
68,-1.1983598359836265,1.0773877387738922,-1.1205220522052317,1.1064406440644152,-1.1579357935793768,1.0242424242424275,-1.2129712971297533,1.0184018401840078,-1.1515851585158754,1.0348234823482343,-1.13229322932295,1.1272227222722446,-1.1411841184118687,1.087478747874792,-1.1007500750075143,1.1217521752175321,-1.14729472947297,1.1109510951095216,-1.1504050405040758,1.0759875987598788
69,-0.8828282828282673,0.7927092709270752,-0.8436843684368189,0.8401640164016213,-0.9030403040303939,0.7613561356135423,-0.9097409740974116,0.7747874787478412,-0.8639163916391512,0.7374237423742057,-0.8192019201919967,0.8461046104610316,-0.8496649664966345,0.8254025402540047,-0.8344934493449174,0.8375437543754186,-0.8421442144214265,0.799909990999075,-0.8748674867486602,0.7999599959995726
70,-0.3621862186217916,0.29900990099003183,-0.3673967396738973,0.34291429142908036,-0.41654165416536415,0.2581958195819009,-0.4145914591458612,0.27838783878380907,-0.3743874387438152,0.2605060506049951,-0.3263926392638548,0.3603460346034041,-0.35289528952888644,0.32417241724165974,-0.3646764676467001,0.3674967496749134,-0.341474147414669,0.2967196719671294,-0.3892989298929284,0.27785778577850895
71,0.38085808580878194,-0.442924292429443,0.3582258225824499,-0.45615561556175976,0.31800180018020147,-0.48232823282347764,0.35552555255544216,-0.44473447344755007,0.3384838483850188,-0.4617461746176604,0.4142914291431111,-0.3717971797181602,0.3631263126314583,-0.4121712171219069,0.3448544854487378,-0.3861586158617809,0.35723572357255723,-0.4531853185320605,0.3601160116013507,-0.47075707570777625
72,0.5462846284630201,-0.6187118711872838,0.5131213121313704,-0.6127912791280827,0.49274927492764975,-0.6308630863087819,0.5158415841585678,-0.5857885788580535,0.5359735973598863,-0.6013801380139638,0.5828982898291483,-0.552855285528712,0.5309830983099918,-0.5734973497351369,0.5203020302031822,-0.5725772577259357,0.5153915391540832,-0.6063606360637817,0.5359735973598935,-0.6146114611462835
73,0.29694969496960766,-0.36925692569267426,0.2728072807281698,-0.3591659165917685,0.2659465946595668,-0.3812381238124783,0.26430643064316783,-0.343494349435052,0.28275827582768503,-0.3634063406341588,0.340264026402747,-0.30305030503059893,0.296389638964005,-0.3331733173318359,0.2784678467847806,-0.322772277227827,0.2544754475448607,-0.3373737373738472,0.2817881788179817,-0.36183618361847075
74,0.37422742274233584,-0.45297529752980975,0.33703370337039523,-0.4195219521952801,0.3655765576558278,-0.437363736373693,0.338633863386403,-0.41020102010206766,0.379037903790438,-0.45224522452250593,0.40597059705977095,-0.39931993199324717,0.37708770877093967,-0.4207420742074778,0.34352435243530444,-0.40274027402746093,0.3336733673368022,-0.39257925792585396,0.3693769376938276,-0.41830183018308065
75,0.5378137813781673,-0.6019201920192383,0.48501850185021156,-0.5813481348135234,0.5199719971997501,-0.6072307230723428,0.4896589658966277,-0.5776177617762103,0.5432643264326703,-0.6024002400240427,0.5655665566556983,-0.5673567356735947,0.5285928592859611,-0.589118911891227,0.503060306030635,-0.5603560356035974,0.46983698369841076,-0.5509350935093924,0.5304130413041593,-0.5746274627463133
76,0.5979697969796977,-0.6427242724272536,0.55674567456745,-0.6224222422242389,0.5926692669266905,-0.6605560556055686,0.5461446144614543,-0.6391839183918485,0.6116711671167093,-0.6664766476647797,0.624072407240726,-0.6583058305830591,0.58658865886589,-0.6595659565956703,0.5720872087208777,-0.6288428842884424,0.5560356035603624,-0.6096809680968259,0.5947194719471895,-0.6410141014101545
77,0.8904990499048665,-0.9449644964495346,0.8537053705369233,-0.9289228922891192,0.9074607460744752,-0.9373637363735307,0.8329132913290088,-0.944664466446537,0.9256025602558914,-0.9532853285327431,0.8919891989197748,-0.9612561256124383,0.8583358335832403,-0.941214121412032,0.8627462746273452,-0.9373837383737272,0.8667666766675411,-0.9088208820881076,0.8863986398638561,-0.9673567356734554
78,1.2903190319030369,-1.3662866286627104,1.2693169316930126,-1.3378937893787752,1.3179517951793551,-1.3656765676566096,1.2589858985896965,-1.3585158515850015,1.349034903490175,-1.3593659365935022,1.2929792979296393,-1.38602860286012,1.278307830782925,-1.3563056305628967,1.2802080208019253,-1.352525252525098,1.2584258425840984,-1.3231423142312766,1.2890189018900233,-1.3693069306929062
79,1.3896289628961325,-1.4820882088207117,1.379817981798022,-1.4356235623560638,1.4264226422640547,-1.4695369536951988,1.3627962796277968,-1.455895589558781,1.4396139613959593,-1.4637163716369965,1.3973097309729359,-1.4829482948293085,1.3709570957094055,-1.4592159215919875,1.3994299429941313,-1.4640664066404907,1.360286028602692,-1.4381138113809833,1.3742974297428057,-1.4649864986496859
80,1.1510451045102772,-1.244864486448462,1.1422142214219715,-1.1980298029801164,1.1710971097107896,-1.2335733573355543,1.1450145014499669,-1.2253325332531466,1.2106210621060225,-1.2189518951893452,1.1564856485646804,-1.2604560456043767,1.1283728372835458,-1.273337333733197,1.1615861586156837,-1.2288428842882457,1.1332433243322557,-1.1928792879286256,1.1514751475145686,-1.256425642564073
81,0.773767376737488,-0.8666766676665787,0.7567656765674768,-0.838423842384057,0.7820782078205883,-0.8416241624160627,0.7889888988897047,-0.8238023802378424,0.7905490549053049,-0.8257725772575444,0.7682268226820911,-0.8783978397837888,0.7800880088006941,-0.8837883788377019,0.7703770377035875,-0.8649664966494757,0.7533453345332712,-0.8271027102708449,0.7976697669765102,-0.8796279627960955
82,0.5789378937892131,-0.6570457045702787,0.5810181018100189,-0.6669766976695991,0.6040504050403336,-0.6761976197618101,0.5854685468545207,-0.641504150414871,0.569166916691504,-0.6223522352233494,0.569406940693909,-0.695859585958418,0.6074007400738353,-0.6780278027801083,0.5672667266725014,-0.6603760376035835,0.5663866386637009,-0.6489448944892776,0.5931793179316259,-0.6803980398038061
83,0.43407340734061584,-0.5127312731271858,0.4355035503549223,-0.5395139513950172,0.4493049304929249,-0.5421642164215291,0.45146514651453856,-0.5108610861084872,0.4350435043503239,-0.4830183018300587,0.43757375737562215,-0.5282828282827015,0.45323532353222706,-0.5485348534852252,0.4446044604459294,-0.5208520852083991,0.42571257125700945,-0.5121112111209948,0.4458545854584244,-0.5507350735072282
84,0.14745474547451265,-0.2268826882687815,0.14821482148211515,-0.24924492449240462,0.15334533453340746,-0.22062206220618946,0.15120512051201865,-0.2207320732072737,0.18621862186215032,-0.19057905790574786,0.14828482848280952,-0.21644164416436826,0.15276527652760943,-0.2701670167016216,0.15093509350931456,-0.22019201920187925,0.13332333233319452,-0.22177217721768422,0.15754575457541628,-0.25410541054101166
85,-0.21792179217914676,0.1840984098409195,-0.21114111411134223,0.1219221922191609,-0.21741174117405812,0.17556755675559765,-0.23640364036396191,0.14686468646859094,-0.21695169516945348,0.17561756175611062,-0.23256325632556712,0.15191519151909186,-0.22287228722865593,0.1243224322431705,-0.19662966296622916,0.18473847384731884,-0.23461346134607272,0.1631263126311933,-0.21911191119105594,0.12417241724166142
86,-0.5745974597459439,0.5702270227022471,-0.5896989698969599,0.48519851985196427,-0.5776677667766545,0.552005200520018,-0.5941194119411571,0.4900990099009757,-0.5933993399339729,0.5495849584958254,-0.5941694169416712,0.5332133213321145,-0.6043804380437768,0.49649964996497503,-0.5631963196319374,0.5470047004700235,-0.5778077807780592,0.5344534453445035,-0.5897589758975694,0.5190919091909039
87,-0.47116711671168415,0.4486548654865688,-0.48947894789480106,0.3917891789179099,-0.47294729472948305,0.4738773877387865,-0.4733073307330762,0.3974697469747182,-0.5103010301030271,0.44470447044706285,-0.4878087808781013,0.44655465546556633,-0.5082008200820247,0.4018401840184178,-0.4785978597859956,0.45253525352537644,-0.49213921392140975,0.4224322432243334,-0.49753975397539907,0.419181918191843
88,-0.227762776277538,0.20528052805271518,-0.22913291329123722,0.13138313831374324,-0.21922192219213207,0.2514151415140612,-0.2092409240923073,0.13997399739964825,-0.2529652965295656,0.19255925592550344,-0.21741174117402692,0.20136013601351554,-0.2485848584857557,0.15515551555146018,-0.20766076607651843,0.19958995899581566,-0.24041404140405423,0.1620562056204604,-0.25876587658755706,0.18596859685960185
89,-0.22790279027881608,0.1919691969194812,-0.24171417141692506,0.14790479047883712,-0.22506250625042,0.2371437143712338,-0.1996699669964756,0.15825582558234622,-0.23555355535532077,0.15124512451223468,-0.1858685868584781,0.2191719171915107,-0.2145414541451954,0.12173217321711248,-0.235553555355325,0.16945694569436318,-0.23682368236802448,0.15830583058283634,-0.22375237523730457,0.17386738673846766
90,-0.3876487648762741,0.34642464246404153,-0.3735473547352508,0.2819881988196763,-0.34711471147093526,0.37132713271306667,-0.34466446644641785,0.2644864486446499,-0.38968896889667115,0.2912791279125762,-0.3295029502948138,0.3338733873385233,-0.3718971897187467,0.2461246124610386,-0.38909890989076984,0.26742674267405486,-0.35922592259204195,0.3419841984196255,-0.34621462146191934,0.2789778977895705
91,-1.1231723172316432,1.03282328232814,-1.099489948994805,1.0549854985497689,-1.1037803780377191,1.0652665266525634,-1.0934693469345924,0.9962596259625018,-1.0840484048404009,0.9647664766475677,-1.0891689168916079,1.0855885588557939,-1.0847084708469956,0.9704670467045763,-1.1197319731972375,1.0063506350634146,-1.0499249924991658,1.0352635263525383,-1.0970897089708063,1.0105810581057213
92,-2.1939593959396158,2.140214021402157,-2.1907290729073137,2.12694269426945,-2.1646464646464874,2.1747074707470917,-2.153005300530067,2.104260426042615,-2.2034503450345277,2.019861986198631,-2.148214821482165,2.1518251825182624,-2.138593859385945,2.0767476747674944,-2.2172117211721467,2.0992799279928174,-2.1520752075207747,2.1395239523952574,-2.1944294429443114,2.1233523352335415
93,-2.431723172317287,2.3827182718272333,-2.4326332633263896,2.340124012401289,-2.368656865686627,2.4092609260926556,-2.3479847984798976,2.299699969997018,-2.4203120312031783,2.2432243224322823,-2.402270227022758,2.3801080108011208,-2.3581258125812994,2.2862786278628335,-2.4398039803980915,2.296459645964643,-2.3734973497350245,2.3746574657466204,-2.4221022102210674,2.335193519351976
94,-2.017761776177711,1.9416541654166124,-2.009600960096095,1.9578057805781286,-1.9549954995500318,1.9823182318232497,-1.906410641064186,1.856675667566815,-1.9965196519652857,1.822552255225587,-1.972077207720862,1.9158215821582787,-1.941224122412323,1.9077907790779849,-2.0167516751676096,1.8693869386939335,-1.965516551655251,1.958755875587627,-1.9841884188419652,1.8932393239324554
95,-1.4157315731574154,1.3684368436844498,-1.3843984398440714,1.3557955795580408,-1.3439843984399307,1.3694869486949486,-1.3362336233624184,1.2544354435444283,-1.3717771777178684,1.2186518651865956,-1.367506750675164,1.3090509050905854,-1.3275127512752172,1.3302930293030109,-1.379187918791976,1.2592959295930344,-1.357485748574954,1.317701770177094,-1.3570357035704435,1.2306730673068063
96,-0.5642664266427015,0.5433743374337757,-0.5500150015001818,0.49746974697473045,-0.5478847884788828,0.4886388638864214,-0.4947294729473151,0.4324032403240592,-0.5356535653565707,0.41532153215324863,-0.5535353535353895,0.45565556555657616,-0.510231023102342,0.46124612461248926,-0.5199319931993508,0.42786278627865576,-0.5278127812781646,0.4820282028203099,-0.5500850085008757,0.4302130213021594
97,0.22351235123517232,-0.3103910391039729,0.2883388338834448,-0.39548954895495914,0.3223722372237798,-0.33006300630068763,0.3263026302630994,-0.346854685468607,0.34769476947700717,-0.4248424842484814,0.24566456645669396,-0.393869386938765,0.3541854185419143,-0.3257625762576852,0.3859385938594466,-0.41810181018108433,0.29399939994004454,-0.3899189918992499,0.32595259525958986,-0.4106010601060667
98,1.110311031103201,-1.2477547754776463,1.210561056105716,-1.3319331933194327,1.254885488548957,-1.2707770777078677,1.2458245824583578,-1.2363936393640325,1.3096809680969161,-1.3756275627563639,1.1540654065407558,-1.294299429943096,1.2785978597860785,-1.275317531753271,1.322192219222025,-1.321672167216825,1.2307230723073266,-1.3232123212322173,1.2597659765977678,-1.3192719271928162
99,1.987868786878705,-2.149634963496371,2.110601060106049,-2.239703970397071,2.1515551555155827,-2.210131013101333,2.1145714571457526,-2.1100410041004376,2.2430643064306772,-2.231963196319644,2.0093709370937303,-2.193129312931317,2.167056705670603,-2.1794879487949053,2.2110611061106415,-2.249394939493989,2.123782378237836,-2.227372737273757,2.203060306030634,-2.22813281328136
100,2.590229022902325,-2.7577257725772797,2.6488948894889934,-2.836593659365963,2.704980498049852,-2.7882188218822015,2.692789278927937,-2.7200520052005395,2.798569856985746,-2.7944494449445174,2.608240824082442,-2.7568456845684786,2.71346134613466,-2.748804880488072,2.77609760976101,-2.8180218021802412,2.693599359936026,-2.7887788778878098,2.769966996699709,-2.7754875487548962
101,2.7734373437344315,-2.9192319231923447,2.8686268626863334,-3.0880088008801154,2.8757575757576412,-2.984948494849503,2.8692569256926372,-2.9298529852985498,2.95247524752483,-2.9186518651865425,2.804840484048463,-2.9483048304830697,2.8549954995500166,-2.9864986498650024,2.9806780678068425,-3.0376537653765605,2.8847084708471464,-2.952465246524683,2.972657265726637,-2.963836383638396
102,2.966506650665177,-3.0707670767077446,3.0185418541855373,-3.2174917491749953,3.048174817481865,-3.1710571057106427,3.0129012901291334,-3.1236823682368926,3.0974197419743246,-3.061076107610826,3.005820582058323,-3.100360036003672,3.0152815281529275,-3.179167916791747,3.1252825282529373,-3.219321932193288,3.089618961896311,-3.0587558755876363,3.1493649364937704,-3.0956495649565743
103,3.124272427242811,-3.2428242824283053,3.167276727672857,-3.325962596259706,3.2063906390639882,-3.3378637863786955,3.162446244624555,-3.2554555455546113,3.249824982498357,-3.1881888188819554,3.158645864586544,-3.2101710171017817,3.1571457145715476,-3.3370337033703974,3.334123412341321,-3.3459245924593044,3.2468546854686404,-3.236123612361296,3.2817281728173784,-3.2424842484249066
104,2.893729372937381,-2.9916691669167412,2.942774277427815,-3.0983198319832588,3.020632063206404,-3.095029502950343,2.9081508150815862,-3.0360636063606843,3.0386338633864414,-2.960516051605209,2.92742274227431,-2.9365736573658006,2.895829582958369,-3.075887588758929,3.112171217121795,-3.1235523552355766,3.0095109510951885,-3.016441644164467,3.041854185418621,-3.016761676167662
105,2.666186618662102,-2.7955595559558017,2.703730373037523,-2.8372937293731586,2.813031303130546,-2.8134213421344163,2.704750475047733,-2.8165816581660263,2.823902390239267,-2.686588658866096,2.752025202520483,-2.7198119811983337,2.6698969896991938,-2.8543654365438633,2.8505150515053765,-2.8853185318533994,2.8070807080710334,-2.755815581558365,2.7507150715073765,-2.769766976697878
106,2.5280628062808796,-2.6365836583660913,2.5759175917594206,-2.713411341134376,2.6641764176420173,-2.6671967196722086,2.5668866886691193,-2.6783978397842354,2.6733573357338294,-2.525932593259577,2.60037003700395,-2.574497449745236,2.490619061906434,-2.6770577057708427,2.6734073407343164,-2.7410441044106975,2.674407440744315,-2.569276927693015,2.606740674067647,-2.6366436643666917
107,2.463616361636318,-2.6015401540155603,2.5120712071208664,-2.5639363936395414,2.5599159915993153,-2.5952395239525465,2.4880388038805505,-2.58126812681285,2.545654565456715,-2.4524252425244097,2.5372637263727995,-2.4865186518653535,2.4145214521453733,-2.60214021402158,2.588248824882635,-2.663096309631134,2.588448844884634,-2.479527952795432,2.508040804080556,-2.53093309330949
108,2.0332533253326024,-2.2097709770977936,2.1146114611462035,-2.180228022802376,2.185378537853866,-2.1894489448945773,2.1080208020802873,-2.213971397139803,2.164436443644454,-2.063146314631549,2.139503950395115,-2.107420742074305,2.038383838383912,-2.1946994699470963,2.221732173217398,-2.272287228722974,2.2395439543955193,-2.0930693069307775,2.078477847784851,-2.145224522452336
109,1.4298929892988452,-1.5524752475247008,1.428022802280149,-1.5387038703869869,1.4488748874886612,-1.5690369036903458,1.4436143614360737,-1.5652565256525155,1.478667866786602,-1.4627662766276244,1.4674867486747782,-1.501240124012367,1.3946194619461056,-1.57132713271324,1.5361536153614495,-1.5867386738673548,1.548764876487573,-1.5013601360135518,1.4359335933592412,-1.5128812881287572
110,1.0649964996498482,-1.2236723672366232,1.0569056905689447,-1.210711071107015,1.0801680168015657,-1.1758975897588846,1.070597059705869,-1.2022702270226049,1.09189918991889,-1.1254025402539405,1.0993699369935825,-1.157055705570474,1.030683068306721,-1.182688268826794,1.179807980797967,-1.2122912291228234,1.1518151815180484,-1.1691069106909724,1.0764776477646532,-1.1752875287527718
111,0.8070907090708312,-1.0107510751074467,0.8366636663665716,-0.9892989298929291,0.8585058505849931,-0.9438443844383827,0.870797079707911,-0.9910491049104301,0.8641364136413018,-0.9088008800879556,0.866516651665099,-0.9409640964095901,0.8449044904489816,-0.9903790379037312,0.9533753375336953,-0.9837383738373302,0.9216821682167611,-0.9220922092208602,0.8697869786977972,-0.9107310731072507
112,0.6950795079506832,-0.8686168616860865,0.743854385438449,-0.8764576457644874,0.753235323532249,-0.8283428342833427,0.7575357535752596,-0.841734173417253,0.7319331933192302,-0.7990099009900187,0.7248424842483204,-0.8083008300829346,0.7368036803679345,-0.8504750475046667,0.8209320932092211,-0.8262126212620475,0.7798679867985788,-0.7896689668966004,0.7439443944393355,-0.7885488548854064
113,0.7335133513349704,-0.9037703770375544,0.7518051805179113,-0.8898489848983411,0.7813481348133327,-0.8435043504348986,0.784188418841736,-0.8553455345533088,0.7331133113309874,-0.8226922692267814,0.7628562856284178,-0.8394639463945041,0.782308230822931,-0.8709570957094324,0.8350035003498907,-0.8553155315530141,0.8057805780576556,-0.7979897989797508,0.7759175917590214,-0.7883988398838575
114,0.7381338133811965,-0.8996899689967672,0.7425842584257244,-0.8753875387537453,0.7890389038902608,-0.8279727972795989,0.7766876687667483,-0.8375337533752091,0.7224922492247947,-0.8141214121410902,0.7638163816380358,-0.8200720072006025,0.7920092009199604,-0.8436243624361252,0.8266526652664027,-0.8463046304629243,0.803870387038569,-0.7989598959894706,0.7851085108509519,-0.7777477747773591
115,0.4755175517551285,-0.647694769476906,0.47632763276324697,-0.6020602060205651,0.5077907790778743,-0.5522152215221113,0.5149014901489868,-0.5746274627462371,0.4727372737273386,-0.5382138213821052,0.5180418041803849,-0.5406640664066059,0.509060906090569,-0.5698469846984403,0.5565856585658161,-0.552465246524617,0.5361736173616949,-0.5438543854385098,0.5139013901389754,-0.5214821482147864
116,0.3455345534553857,-0.47389738973900564,0.3395639563956975,-0.4528652865286887,0.34178417841789527,-0.3945994599460319,0.3810381038104381,-0.4466946694669897,0.33224322432248127,-0.4210221022102678,0.3734173417342247,-0.41031103110315115,0.3520652065206937,-0.38760876087613144,0.4285128512851706,-0.4046304630463421,0.3825182518252301,-0.40666066606664536,0.3640264026403122,-0.39292929292933454
117,0.3497749774977744,-0.4821782178217995,0.3719771977198068,-0.4479547954795648,0.3445444544454784,-0.4200420042004428,0.40112011201123543,-0.45368536853687774,0.3697069706970974,-0.44777477747776934,0.37811781178121445,-0.4495649564956776,0.3738673867386976,-0.39632963296332047,0.42267226722675555,-0.4421742174217601,0.3698669866986939,-0.4262526252625456,0.3968096809681231,-0.4021502150215205
118,0.6376237623762474,-0.7368236823682336,0.6443144314431489,-0.7182118211821155,0.6149914991499212,-0.7349934993499453,0.6571757175717606,-0.7563856385638642,0.6661366136613701,-0.7325532553255318,0.6637363736373769,-0.7228722872287275,0.6621462146214612,-0.6847184718471855,0.6316531653165339,-0.7279727972797305,0.6393039303930393,-0.6965196519651964,0.6696569656965683,-0.6672267226722584
119,1.0991299129913266,-1.1543254325432795,1.1035603560356233,-1.1318831883188605,1.0615661566156882,-1.1594859485948947,1.0772077207720963,-1.154915491549192,1.0801380138014027,-1.1559855985598821,1.0912691269127148,-1.1439243924392735,1.1022302230223233,-1.1181818181818493,1.0676167616761887,-1.1874087408741145,1.0590759075907836,-1.1247424742474428,1.0888888888889101,-1.0975997599760232
120,1.1910891089109306,-1.249184918491891,1.196629662966331,-1.2351535153515791,1.1277027702770628,-1.2562756275628033,1.1818581858186235,-1.2451545154515964,1.1877687768777259,-1.2614261426143007,1.1849984998500263,-1.2267726772677663,1.1905790579058229,-1.2186018601860642,1.168896889689011,-1.2656865686569068,1.15222522252229,-1.2139113911391461,1.200110011001139,-1.2034803480348466
121,0.9297329732973996,-0.9922392239224597,0.9316031603160986,-1.0039103910391725,0.8760876087609385,-0.9988098809881709,0.9252525252525989,-0.9905390539054698,0.937473747374807,-0.9921592159216605,0.9309430943095001,-0.97140714071414,0.9284228422842916,-0.9598059805981304,0.8957695769577694,-1.0143214321432867,0.8792579257926417,-0.9732973297330415,0.9481548154816166,-0.9537853785379194
122,0.74035403540354,-0.804030403040296,0.7075407540754071,-0.8070607060706005,0.6910491049104874,-0.7915191519151896,0.7438343834383442,-0.8149014901490192,0.7282828282828318,-0.8209320932093135,0.6899589958995886,-0.77526752675267,0.7292029202920234,-0.7750575057505654,0.7245024502450258,-0.7805780578057784,0.6964996499649915,-0.7777377737773734,0.7280428042804209,-0.7862486248624754
123,0.8027902790277932,-0.8550655065505431,0.7579757975796466,-0.8613861386137488,0.7692969296928549,-0.8539253925391448,0.8031303130311943,-0.8551655165515556,0.7880288028801831,-0.8769776977696659,0.7569656965695504,-0.839633963396226,0.7889488948893767,-0.82572257225711,0.772107210720959,-0.8398339833982332,0.7681268126811546,-0.8497449744973393,0.7867486748673734,-0.8507350735072365
124,0.655945594559376,-0.7078907890788361,0.6386338633862599,-0.7340134013400633,0.6454445444543673,-0.7007800780077239,0.6786178617861053,-0.7313131313130696,0.6563556355634946,-0.7295529552954594,0.6475747574756737,-0.7084808480847372,0.6652965296528895,-0.7074507450744338,0.6473147314730764,-0.717511751175055,0.6417241724171644,-0.7178817881787471,0.6487848784877729,-0.7006300630062252
125,0.33184318431847076,-0.394289428942934,0.32538253825386115,-0.43031303130317305,0.3388238823882741,-0.38558855885591914,0.3569256925692928,-0.404050405040553,0.3534853485349009,-0.40780078007804876,0.3311731173117748,-0.39354935493553517,0.35681568156819443,-0.3811381138114241,0.34235423542358556,-0.4191219121912648,0.3258825882588643,-0.4175617561756571,0.3404540454045799,-0.3955095509551291
126,-0.02109210921088111,-0.02869286928697069,-0.04509450945091465,-0.07168716871690552,-0.000570057005663714,-0.02634263426345563,0.0008300830083340773,-0.05010501050109056,0.007300730073051957,-0.06585658565860354,-0.02104210421038367,-0.038203820382075614,-0.01303130313027406,-0.05194519451949043,-0.004420442044165767,-0.04235423542358731,-0.02672267226719409,-0.05570557055709357,-0.018191819181882438,-0.028262826282662364
127,-0.2688268826882576,0.23011301130111675,-0.28893889388938876,0.17842784278427407,-0.25176517651764746,0.21936193619361968,-0.24563456345634177,0.20045004500449154,-0.2409340934093317,0.16245624562455832,-0.24938493849384213,0.22326232623261633,-0.2769176917691639,0.2131913191319058,-0.25295529552954177,0.21514151415140007,-0.2694069406940669,0.19391939193918492,-0.26836683668366246,0.23705370537053586
128,-0.12161216121618082,0.07271727172723816,-0.13941394139421773,0.02352235223529714,-0.11488148814888578,0.07827782778285941,-0.10282028202827535,0.05137513751382455,-0.0990499049905684,0.017781778177893632,-0.09715971597166981,0.08996899689976678,-0.1349034903491008,0.05963596359643745,-0.10653065306537664,0.06181618161822583,-0.10147014701477261,0.05434543454352104,-0.13253325332540097,0.09247924792486684
129,0.40822082208217114,-0.4517151715171048,0.3792679267926262,-0.48602860286023364,0.4081008100809598,-0.43828382838278057,0.4184118411840717,-0.481118111811136,0.4317931793178895,-0.5125012501249675,0.3966196619661417,-0.4276327632762706,0.3874287428742421,-0.4868686868686364,0.40478047804775574,-0.4767176717671324,0.3848584858485352,-0.4298429842983831,0.392109210921047,-0.42279227922786555
130,0.7038703870387524,-0.777537753775434,0.7003200320032472,-0.7741474147415223,0.710311031103156,-0.7635763576358144,0.7323732373237819,-0.7980898089809624,0.7235623562356774,-0.8213521352135819,0.6934493449345335,-0.7333533353335894,0.6880888088809392,-0.7858685868587402,0.691339133913436,-0.7885488548855464,0.6970997099710399,-0.7328232823282911,0.7102410241024603,-0.7534653465347042
131,0.7149714971497446,-0.7882288228823208,0.7186718671867454,-0.8022702270227344,0.7126512651265415,-0.8010001000100334,0.7427942794279716,-0.8217421742174713,0.7324532453245666,-0.8167616761676614,0.7098509850985292,-0.7467846784678759,0.704740474047433,-0.7933093309331305,0.7106610661066342,-0.8010401040104352,0.7267826782678507,-0.7720372037204056,0.7385038503850717,-0.7769176917692047
132,0.5575757575757989,-0.6267326732673693,0.5467446744674842,-0.64020402040208,0.5411641164116825,-0.6246524652465598,0.5776177617762164,-0.6566056605661109,0.5557955795579994,-0.6383538353835954,0.5550155015501891,-0.5924992499250296,0.5334633463346767,-0.6289428942894747,0.5489448944894839,-0.6383538353835844,0.5554255425542904,-0.6233823382338681,0.5476447644764907,-0.5970897089709334
133,0.3587258725872682,-0.39478947894789784,0.3156615661566256,-0.43628362836283796,0.3389438943894475,-0.40955095509550304,0.3708770877087794,-0.44738473847386034,0.36391639163917355,-0.395779577957814,0.34830483048305116,-0.388338833883387,0.3255725572557383,-0.4066706670667096,0.33760376037603973,-0.4193919391939252,0.351485148514861,-0.42105210521052217,0.34152415241525247,-0.39635963596359275
134,0.172277227722694,-0.20663066306621766,0.11697169716963751,-0.2564456445643666,0.15866586658658116,-0.2072307230722155,0.18902890289021346,-0.2561356135612721,0.1771877187717947,-0.20894089408933553,0.161306130612974,-0.19307930793069972,0.12202220222014136,-0.22699269926984292,0.1672967296728752,-0.2518451845183671,0.16128612861278213,-0.22970297029694517,0.15805580558047455,-0.22465246524644067
135,-0.19783978397841923,0.13073307330736902,-0.241284128412867,0.08078807880791612,-0.2186418641864402,0.12328232823285892,-0.17186718671869244,0.1048004800480285,-0.16659665966599507,0.12821282128214492,-0.18101810181021302,0.11025102510254796,-0.2125412541254364,0.12103210321034708,-0.1995599559956389,0.07087708770880194,-0.20064006400641965,0.1286128612861605,-0.1906890689069185,0.09936993699373191
136,-0.4874187418740946,0.44389438943886633,-0.537143714371359,0.38590859085900364,-0.49291929192910566,0.4089808980897261,-0.4644364436442739,0.3660766076606753,-0.4663066306629787,0.40447044704461155,-0.4582358235822759,0.3955195519551171,-0.5022202220221166,0.40743074307422494,-0.49748974897481585,0.3472447244723596,-0.48683868386829376,0.43374337433734594,-0.4831983198318936,0.3685668566855857
137,-0.636643664366369,0.5959995999599373,-0.6798179817981267,0.5368436843683716,-0.6214821482147553,0.5748474847484089,-0.5977897789778333,0.5207220722071503,-0.6383738373836797,0.5485648564855735,-0.6052105210520456,0.5544954495448927,-0.6611961196119014,0.5357335733572727,-0.62544254425437,0.4987098709870305,-0.6538453845383907,0.5897489748974277,-0.6547854785477956,0.5072507250724428
138,-0.6649064906490633,0.5937593759375898,-0.6667466746674651,0.5598059805980452,-0.6288628862886161,0.5966296629662904,-0.6139713971397095,0.4992699269926914,-0.6428042804280444,0.5915291529152711,-0.6138313831383115,0.5447644764476426,-0.6794479447944751,0.5605360536053557,-0.6104310431043103,0.5314231423142184,-0.6429142914291434,0.5902390239023915,-0.6490349034903447,0.5080908090808991
139,-0.7970397039703283,0.6919091909190277,-0.8071507150714377,0.6812081208120065,-0.7712871287127941,0.7156615661565571,-0.7463346334632754,0.6352535253524644,-0.7573657365735961,0.6921492149214159,-0.7261526152614629,0.7323132313230647,-0.7968196819681328,0.7559355935592929,-0.7467646764675789,0.6537253725371809,-0.788808880888026,0.7148814881487525,-0.7656065606560025,0.6311131113110711
140,-1.4089508950894738,1.2727772777277238,-1.4203920392038851,1.3061506150614477,-1.3569856985698083,1.330873087308689,-1.3330433043303873,1.2751575157515196,-1.3164116411640847,1.3119111911190586,-1.324282428242802,1.3436443644363965,-1.386958695869549,1.3273227322731778,-1.3069206920691665,1.2853285328532265,-1.3726472647264398,1.3542454245424091,-1.3961396139613604,1.213051305130469
141,-1.8335333533354474,1.7207520752076033,-1.8428442844285475,1.7286128612861982,-1.7583258325833528,1.7233223322333153,-1.7661366136614642,1.7259825982599037,-1.726592659266036,1.7365236523653151,-1.714541454145534,1.7157915791580003,-1.7882188218822983,1.7303630363037112,-1.7727772777278845,1.7098409840984867,-1.8166016601661306,1.738863886388725,-1.8512851285129728,1.658765876587751
142,-1.534203420342153,1.4631663166317481,-1.5342134213422451,1.4900490049005686,-1.4993799379939046,1.4538153815382464,-1.4997799779979013,1.4350535053506268,-1.3986298629864091,1.4617661766177443,-1.4360436043605607,1.4475947594760323,-1.4867386738674988,1.4697269726973576,-1.4998099809982106,1.4347434743475216,-1.5556855685569695,1.468666866686763,-1.599699969997129,1.397089708970991
143,-1.2937493749374454,1.1419141914190805,-1.21413141314126,1.2669266926692055,-1.2059905990598565,1.2027002700269553,-1.2843484348434187,1.1627162716271162,-1.1208920892088627,1.2178517851784658,-1.11172117211717,1.182388238823833,-1.171827182718218,1.2131413141313667,-1.1863286328632259,1.2434543454344906,-1.2526452645263966,1.1901990199019465,-1.3110911091108692,1.185448544854439
144,-1.3527752775277013,1.3031903190318266,-1.3395539553954874,1.3898589858985138,-1.362176217621709,1.3174817481747465,-1.4273627362735661,1.2984298429842287,-1.2318031803179705,1.315541554155345,-1.2209820982097686,1.2965196519651239,-1.3105510551054573,1.2716971697169013,-1.264876487648697,1.4039203920391388,-1.3219821982197624,1.2813481348134226,-1.4191419141913688,1.2888088808880198
145,-1.523352335233547,1.4417341734173392,-1.5073107310731362,1.5982798279827908,-1.4947294729473195,1.5202820282028175,-1.6119211921192311,1.5141714171417113,-1.4483248324832645,1.493609360936088,-1.4050705070507306,1.4898089808980803,-1.4582358235823827,1.517631763176313,-1.4502550255025652,1.6249824982498238,-1.5504350435043677,1.43764376437644,-1.5911291129113179,1.548054805480547
146,-1.92019201920203,1.8189618961897052,-1.900560056005713,1.9654565456546556,-1.8587158715872751,1.9731873187319744,-1.9238423842385366,1.9624662466247542,-1.7840384038404915,1.8896589658966751,-1.7703170317032857,1.8482448244825311,-1.8367736773678551,1.8424742474248303,-1.8724872487249715,1.950885088508934,-1.963716371637277,1.7851185118512831,-1.9284828482849348,1.9708970897090619
147,-2.4726672667268397,2.4505950595061377,-2.583688368837056,2.480648064806656,-2.42899289929011,2.556355635563748,-2.5247224722474,2.6482048204822295,-2.44704470447062,2.4773077307732616,-2.338963896389817,2.408990899090092,-2.371677167716953,2.440394039404122,-2.45839583958413,2.5673967396741406,-2.6959595959597706,2.349444944494639,-2.4895789578959615,2.572687268727064
148,-3.347664766476786,3.2627062706272367,-3.4736473647366126,3.272167216721843,-3.321162116211767,3.3930593059307603,-3.3017101710172514,3.483538353835543,-3.232353235323678,3.226492649265104,-3.1718571857187183,3.2507750775079085,-3.2497949794981076,3.2034703470348718,-3.2895589558957363,3.524422442244383,-3.530183018301986,3.2706970697071447,-3.3040004000401435,3.4489948994901165
149,-4.292819281928181,4.0665266526653205,-4.144664466446643,4.13365336533658,-4.187648764876488,4.201540154015437,-4.22749274927492,4.325512551255168,-4.092209220922093,4.314061406140666,-4.037753775377524,4.1789578957896065,-4.032883288328836,4.082448244824535,-4.1880488048804745,4.318701870187069,-4.413981398139815,4.107870787078767,-4.182228222822284,4.204540454045456
150,-5.1776677667766,4.875567556755661,-4.904730473047237,4.900280028002766,-5.063556355635485,5.040294029402908,-5.024322432243158,5.124042404240385,-4.806450645064433,5.189958995899557,-4.7739873987397905,4.8798079807980415,-4.9084908490848465,4.747704770477009,-4.96466646664659,5.11971197119709,-5.1217521752174715,4.926802680268001,-4.983748374837419,5.048024802480219
151,-6.27914791479152,6.044604460446104,-5.883338333833427,5.922022202220267,-6.101680168016852,6.039163916391694,-6.222672267226778,6.251995199520003,-5.941354135413593,6.200250025002544,-5.593719371937224,5.964856485648601,-5.854575457545809,5.862826282628309,-5.980828082808326,6.019521952195259,-6.047394739474011,5.8126812681268705,-6.027232723272376,6.165416541654207
152,-7.749144914491629,7.340964096409736,-7.317261726172797,7.300650065006618,-7.743954395439713,7.6931893189319975,-7.789868986898867,7.812251225122621,-7.446654665466718,7.7653665366537625,-7.226452645264684,7.519551955195621,-7.500340034003587,7.425712571257238,-7.466336633663572,7.507910791079232,-7.522472247224918,7.383758375837681,-7.53682368236841,7.671907190719159
153,-9.9695269526954,9.347414741474196,-9.39840984098421,9.451095109510991,-9.916081608160914,9.570457045704629,-9.908560856085748,9.79851985198522,-9.52406240624073,9.581818181818193,-9.411741174117523,9.465966596659683,-9.65036503650375,9.474917491749215,-9.3638363836385,9.59524952495252,-9.779727972797417,9.386278627862794,-9.464026402640371,9.59939993999402
154,-13.072677267726705,12.321732173217223,-12.59161916191609,12.708830883088195,-12.744064406440557,12.575697569756862,-12.765906590658998,12.824762476247503,-12.671827182718205,12.510261026102484,-12.589348934893374,12.646974697469638,-12.961136113611289,12.69896989698958,-12.264976497649707,12.688488848884777,-12.852295229522836,12.291429142914168,-12.559835983598264,12.784268426842555
155,-13.23710371037095,12.496759675967485,-12.792539253925288,12.87626762676256,-12.912041204120314,12.76594659465935,-12.936503650364934,12.998529852985172,-12.860906090608978,12.698219821982056,-12.782278227822642,12.831133113311216,-13.134893489348809,12.863236323632258,-12.45317531753168,12.888998899889854,-13.02437243724358,12.476317631763035,-12.753175317531639,12.954105410540931
156,-9.916971697169668,9.313791379137859,-9.651015101510076,9.507800780077977,-9.651745174517366,9.498919891989168,-9.489328932893219,9.573097309730937,-9.652195219521918,9.51612161216115,-9.60598059805971,9.457045704570413,-9.921132113211227,9.479477947794745,-9.276757675767525,9.704550455045437,-9.617681768176746,9.373497349734908,-9.606270627062626,9.683158315831523
157,-7.072247224722396,6.794969496949626,-6.8092909290928345,6.794429442944245,-7.047874787478687,6.864626462646207,-6.750895089508866,6.922002200219979,-7.21967196719665,6.87612761276119,-6.801760176017509,6.848814881488071,-7.306860686068531,7.002970297029641,-6.696379637963714,7.165266526652601,-6.8942594259425185,6.612191219121806,-6.878037803780305,7.157185718571799
158,-4.597399739973964,4.6791679167915925,-4.519521952195196,4.420582058205742,-4.707410741074081,4.501290129012815,-4.571577157715735,4.701190119011811,-4.818951895189474,4.665526552655157,-4.604740474047356,4.685348534853374,-4.73587358735872,4.576767676767574,-4.337813781378114,4.671257125712462,-4.560876087608747,4.41341134113401,-4.482528252825243,4.785418541854068
159,-2.451535153515338,2.502110211021107,-2.3908690869086757,2.398239823982398,-2.5213721372137123,2.2071907190719147,-2.371107110711044,2.475397539753972,-2.6591659165916437,2.575997599759976,-2.580158015801561,2.602830283028328,-2.6011201120111944,2.452715271527154,-2.186888688868876,2.479707970797085,-2.3642464246424564,2.4550755075507578,-2.451825182518228,2.456435643564362
160,-1.0161216121612742,1.0006000600060454,-0.9471647164716925,0.9732373237324136,-1.0094209420942613,0.7219421942194659,-0.8951495149515397,0.8463846384638897,-1.1270027002700702,1.166916691669198,-1.1031803180318454,1.1296629662966686,-1.1519351935194004,0.9547554755475984,-0.7907190719072436,0.928952895289565,-0.8042304230423629,0.9779577957796144,-0.8682668266827155,0.9406740674067748
161,-0.09464946494657585,0.2442544254426109,-0.1422842284229127,0.06324632463254332,-0.1727572757276353,-0.05939593959388449,-0.007760776077676206,0.041964196419713155,-0.12557255725579652,0.26412641264133074,-0.22532253225329585,0.28383838383845283,-0.25774577457753045,0.18722872287235864,0.03049304930485623,0.13084308430849723,-0.03862386238631719,0.08186818681874979,-0.01181118111818296,0.14572457245731055
162,0.11461146114607909,-0.08642864286425989,0.037743774377407543,-0.19342934293425534,0.08168816881685731,-0.31201120112007974,0.1632863286328341,-0.21535153515348662,0.15105510551051993,-0.07278727872784681,0.06957695769574207,-0.05313531353132557,0.05891589158912962,-0.12605260526049614,0.23514351435140762,-0.09015901590156761,0.2211121112110951,-0.0752075207520508,0.212371237123683,-0.14420442044201523
163,0.1733373337333926,-0.21861186118615086,0.1280928092809576,-0.2826982698270003,0.1350535053505642,-0.3030803080308266,0.24167416741676984,-0.2950895089509215,0.2568956895689804,-0.2561756175617875,0.1457345734573795,-0.1622062206220954,0.19134913491352346,-0.27820782078210726,0.3065506550655398,-0.15135513551358612,0.20799079907994,-0.2720972097210067,0.26367636763678665,-0.26174617461748745
164,0.2751675167517875,-0.3863186318633101,0.24794479447957235,-0.45844584458456844,0.2472547254726706,-0.42506250625074,0.4506850685069719,-0.46052605260538226,0.37739773977409163,-0.37376737673780414,0.33232323232335986,-0.4170917091710407,0.36803680368048897,-0.4763576357637041,0.3848384838485095,-0.24898489848997396,0.3478147814782736,-0.35739573957408605,0.45043504350447017,-0.47649764976509773
165,0.5481348134814051,-0.7159415941594818,0.5873987398740469,-0.7390339033903923,0.5610561056106239,-0.6898089808981536,0.6836683668367506,-0.7441944194419988,0.6864286428643384,-0.6764976497650481,0.6166116611661929,-0.6642964296430309,0.6339333933393957,-0.7528452845285182,0.655745574557524,-0.6365936593660008,0.6932793279328623,-0.7166316631663849,0.7276827682768943,-0.7755075507551321
166,0.78771877187719,-0.9120112011201236,0.8337833783378349,-0.9355635563556475,0.7688768876887749,-0.9048504850485204,0.9190619061906306,-1.0050705070507129,0.9189318931893178,-0.9495549554955672,0.8678367836783853,-0.9111211121112264,0.8528952895289613,-0.9590459045904776,0.8836183618361902,-0.9038303830383152,0.8932593259326048,-0.9543254325432708,0.8938393839384089,-0.9986198619862107
167,0.7620662066206629,-0.8722972297229942,0.8133613361336217,-0.8597359735973781,0.7234823482348329,-0.8651365136513811,0.8289728972897417,-0.9697469746974865,0.8486748674867528,-0.879027902790303,0.793379337933818,-0.8727872787278941,0.7996699669967025,-0.8841584158416174,0.7775577557755875,-0.8121612161216281,0.84599459945996,-0.9173617361736333,0.8117711771177284,-0.8748774877487943
168,0.5205320532053814,-0.6276827682768993,0.5406540654066136,-0.6264326432643929,0.4425042504251101,-0.6229222922292875,0.5840484048405531,-0.6971997199720544,0.5227222722272784,-0.6053705370537753,0.4847184718472693,-0.5936793679368685,0.5259225922592888,-0.6077007700770871,0.5484948494850153,-0.5525052505251123,0.5736373637364458,-0.6451045104511035,0.5446144614462256,-0.5850285028503523
169,0.05908590859092837,-0.1986898689869728,0.13923392339242044,-0.2142114211421836,0.0034403440344845573,-0.1974397439744703,0.10285028502858377,-0.24630463046311987,0.018491849184991204,-0.1609360936094422,0.07479747974806493,-0.15174517451753827,0.014031403140386024,-0.15298529852994128,0.1285228522853118,-0.09895989598967311,0.08376837683776675,-0.17030703070314285,0.09839983998408261,-0.12822282228231252
170,-0.6046204620463427,0.40766076607673574,-0.47197719771989005,0.4176417641765498,-0.617091709171036,0.39094909490961,-0.45565556555666265,0.38700870087020917,-0.6333133313332621,0.49784978497861854,-0.5311531153116392,0.46524652465258304,-0.5663666366637947,0.46891689168927486,-0.4663966396640883,0.5023402340235252,-0.54435443544367,0.41604160416053526,-0.4979597959797184,0.482948294829595
171,-1.3075607560758364,1.1284228422844476,-1.2490449044906675,1.09527952795302,-1.2968896889691186,1.1158615861588268,-1.2094409440946123,1.129802980298245,-1.350875087508975,1.217331733173529,-1.32082208220842,1.2052305230525158,-1.278937893789596,1.1984098409843151,-1.1792679267929007,1.2533053305332673,-1.2636763676369869,1.1496949694971605,-1.226942694269648,1.2047704770479186
172,-2.0628162816282907,1.9069406940695477,-2.0311631163117547,1.9421142114212888,-2.0579357935794804,1.9085008500851401,-2.020282028202929,1.9447844784479777,-2.1308630863087563,1.9680868086810006,-2.110111011101218,1.973177317731907,-2.0332033203321545,1.932443244324566,-1.9522752275228774,2.01070107010714,-2.0688468846885857,1.911891189119049,-2.025552555255649,1.9986698669868421
173,-2.8176917691769363,2.7731573157316167,-2.823582358235838,2.7566356635664024,-2.822802280228039,2.7323532353235684,-2.865016501650171,2.7401240124012807,-2.95280528052806,2.7976897689769396,-2.9339633963396214,2.797779777977837,-2.916061606160614,2.8049804980498543,-2.7851185118511834,2.814051405140549,-2.8516551655165525,2.780048004800514,-2.806510651065121,2.79955995599565
174,-3.5497349734972836,3.538303830383009,-3.565056505650501,3.4964596459645643,-3.571917191719103,3.4556855685568295,-3.649214921492071,3.478137813781346,-3.7190119011900515,3.5496849684968215,-3.6876787678767045,3.5348534853484903,-3.6361336133612485,3.5293729372937066,-3.55404540454037,3.606140614061379,-3.633423342334161,3.5472647264726094,-3.5434043404339763,3.58341834183416
175,-3.6531253125311447,3.692579257925705,-3.7099509950994025,3.656055605560463,-3.730233023302223,3.594879487948714,-3.823982398239711,3.6427842784277638,-3.8700470047003623,3.693159315931508,-3.816461646164488,3.6903890389037826,-3.784718471847068,3.683638363836296,-3.678447844784358,3.731783178317751,-3.756045604560343,3.7114011401139173,-3.728232823282218,3.705370537053628
176,-2.9862686268626253,3.0305730573056615,-3.002090209020847,2.977737773777321,-3.1033003300329574,2.9227522752274626,-3.131893189318854,2.952315231523095,-3.15479547954789,3.03736373637357,-3.1560856085607756,3.058295829582886,-3.136193619361866,3.011041104110354,-3.000770077007628,3.0706470647064084,-3.0520452045203896,3.073487348734808,-3.0704470447044088,3.004350435043445
177,-2.273777377737713,2.414321432143141,-2.39161916191613,2.4046904690468387,-2.5649064906490002,2.2735173517351144,-2.4654865486547792,2.3047904790478344,-2.5424642464245606,2.3905790579057316,-2.498209820982018,2.4469046904689726,-2.5024502450244195,2.429882988298775,-2.4405340534052575,2.522132213221257,-2.4184518451844466,2.4509750975096756,-2.4523552355234792,2.3874487448744186
178,-2.045064506450606,2.1046404640463683,-2.142584258425797,2.138823882388212,-2.2735873587358135,1.9476947694769073,-2.211721172117141,1.938613861386114,-2.196979697969737,2.100750075007482,-2.2084408440843486,2.1659465946594256,-2.2322332233222726,2.112821282128194,-2.1252625262525595,2.162686268626827,-2.12277227722767,2.149714971497114,-2.120832083208267,2.070227022702231
179,-2.0231723172316336,2.081718171817104,-2.1508450845083615,2.1068906890688375,-2.224002400239922,1.9508850885087528,-2.171017101710053,1.9650065006499842,-2.1770177017700814,2.135073507350659,-2.2073407340733087,2.1102810281027353,-2.1613461346133547,2.0946294629462243,-2.117501750174911,2.128112811281044,-2.0526352635262572,2.0595859585957794,-2.0826482648263815,2.0444444444443586
180,-2.4673767376735896,2.5033403340332523,-2.5154715471545313,2.493389338933743,-2.637773777377547,2.3565756575655925,-2.557635763576158,2.398469846984536,-2.5432043204318524,2.5737073707369147,-2.5951495149513106,2.474007400739918,-2.552525252525055,2.4573457345733054,-2.5324832483246333,2.5386938693867727,-2.4429242924290473,2.4643764376435935,-2.4844084408438913,2.468116811681006
181,-3.053875387538685,3.0047804780477345,-3.118041804180352,3.1313031303129764,-3.2242124212420498,2.9508850885087803,-3.056795679567859,3.0076407640763483,-3.0985798579857184,3.160596059605889,-3.1376537653764567,3.0363636363635664,-3.0624362436242736,3.0036503650364406,-3.029552955295439,3.1037203720371345,-3.036793679367855,3.094229422942227,-3.0919191919191036,2.9916491649164256
182,-3.677487748774792,3.6321832183217513,-3.7050005000499238,3.6747174717471056,-3.758085808580762,3.550205020501978,-3.638513851385033,3.5973797379737396,-3.7136413641363113,3.6755575557555,-3.7934393439342937,3.6224822482247427,-3.612141214121335,3.5794879487947977,-3.59751975197509,3.653745374537376,-3.5511451145113617,3.643034303430278,-3.6708670867085726,3.5371137113710707
183,-4.241294129412896,4.183368336833652,-4.295009500950063,4.252795279527921,-4.295649564956427,4.063726372637225,-4.158945894589381,4.195109510951071,-4.29713971397135,4.20229022902287,-4.275977597759706,4.160026002600223,-4.202900290028952,4.140164016401591,-4.215831583158248,4.161386138613807,-4.130643064306376,4.173927392739234,-4.267166716671613,4.041274127412693
184,-4.525002500250057,4.498719871987245,-4.625182518251862,4.555265526552701,-4.557695769576972,4.385658565856645,-4.458175817581752,4.509130913091378,-4.6055805580558316,4.504810481048154,-4.5589158915891685,4.474817481748224,-4.495089508950915,4.4647264726473095,-4.519051905190525,4.454135413541395,-4.430123012301252,4.491839183918452,-4.604530453045327,4.3679167916792245
185,-4.590319031903083,4.488268826882638,-4.599139913991316,4.532893289328887,-4.579027902790164,4.3879287928792445,-4.436193619361815,4.518151815181471,-4.6073607360735,4.577847784778423,-4.573177317731665,4.479297929792933,-4.5137213721371054,4.449734973497285,-4.554935493549237,4.442224222422178,-4.403400340033907,4.4596859685968235,-4.671967196719569,4.403540354035357
186,-3.957555755575415,3.8830183018300795,-3.9361536153614307,3.9556655665565783,-3.944504450444912,3.7814081408139923,-3.8061806180616786,3.9076207620761103,-3.955805580557938,3.9668566856684655,-3.916211621161992,3.923322332233124,-3.9293229322931253,3.830573057305628,-3.967126712671138,3.847634763476251,-3.8225022502249066,3.848264826482562,-4.051855185518425,3.7747374737472748
187,-2.7533553355335427,2.7603660366036427,-2.732473247324737,2.7635063506350726,-2.784268426842678,2.6045604560456024,-2.7181418141814166,2.6637563756375693,-2.8020202020202025,2.7846484648464735,-2.8396739673967253,2.749154915491543,-2.7749074907490816,2.6303030303030304,-2.873197319731961,2.6843284328432833,-2.703580358035807,2.661996199619973,-2.861426142614254,2.6871587158715786
188,-1.9968696869687634,1.9553655365536933,-1.9463046304631215,1.9725372537254302,-2.038923892389304,1.9280028002800704,-1.9801780178018449,1.948044804480508,-1.9470447044705195,1.9836783678368248,-2.0672867286729266,2.0567356735674065,-2.019141914191489,1.9660966096610166,-2.1129712971297767,1.915631563156358,-1.9112711271127933,1.9277027702770821,-2.0893589358936477,1.9564256425643047
189,-1.9180618061807448,1.8743174317432834,-1.9027602760277424,1.8889988998901195,-1.9524852485249846,1.886118611861303,-1.8956395639565256,1.8754275427544052,-1.8524852485249992,1.8944694469448105,-1.9852285228524118,1.9465346534654675,-1.949024902490373,1.905220522052326,-2.01471147114724,1.7947094709472082,-1.791979197919953,1.830083008300956,-2.0015001500151293,1.8805680568058052
190,-1.7844084408441674,1.7169116911691868,-1.759785978597951,1.7087108710871806,-1.78129812981308,1.7509650965097152,-1.773977397739861,1.7238523852385987,-1.741474147414839,1.759845984598536,-1.8215921592160036,1.7805380538054578,-1.7803380338034618,1.7540954095410302,-1.8451345134514325,1.692099209921054,-1.657655765576665,1.7006800680068748,-1.8374737473748304,1.740494049405017
191,-1.3865886588658625,1.2826182618261235,-1.3394939493949236,1.2904290429042273,-1.3923192319231699,1.340264026402576,-1.356115611561133,1.3288728872886788,-1.3462346234623352,1.3109210921091559,-1.3906990699069646,1.393819381938139,-1.3812381238123568,1.3523552355234896,-1.433963396339612,1.3033303330332326,-1.3030603060305925,1.3117611761175547,-1.425782578257812,1.3188418841883627
192,-1.129232923292301,1.056105610561014,-1.1153915391539138,1.0613761376137174,-1.1428542854285273,1.1054605460545641,-1.0850885088508708,1.0914091409140636,-1.1424942494249373,1.0416341634163053,-1.1405140514051164,1.1177617761775889,-1.1386638663866182,1.1169616961695803,-1.1586358635863305,1.0519751975197014,-1.093729372937286,1.0663066306630384,-1.1490049004900338,1.0670367036703363
193,-1.024472447244664,0.9672567256724971,-1.049334933493316,0.9822982298229243,-1.067966796679618,0.9908590859085281,-0.9803080308030278,0.9946894689468474,-1.0594559455945172,0.9542754275426846,-1.0780678067806275,1.0302130213020773,-1.0078707870786558,1.0113811381137419,-1.0438843884387858,0.9463446344633718,-1.0058205820581725,0.9715171517151187,-1.0789578957895207,0.9796279627962222
194,-1.0431743174316646,0.9565956595658472,-1.0473747374736837,0.985518551855094,-1.064346434643391,0.945004500449949,-0.9900490049004121,0.9909390939093045,-1.0439643964395726,0.9332733273326359,-1.0603460346033808,1.0073607360735144,-1.00032003200312,1.0065406540652966,-1.0313331333132527,0.9411441144113282,-0.9874087408740218,0.9487248724871535,-1.0658365836582806,0.9542154215420522
195,-1.1315931593159785,1.0630863086308793,-1.1146114611461693,1.104910491049142,-1.1474447444745026,1.0525652565256753,-1.1211821182118686,1.079617961796215,-1.136073607360788,1.0313031303130533,-1.1699469946995105,1.0958995899590214,-1.0993599359936421,1.095159515951612,-1.125112511251173,1.0435643564356594,-1.0883888388839458,1.0443744374437693,-1.1725272527253148,1.0463446344634724
196,-0.9850785078508052,0.9116511651165037,-0.9947094709471186,0.9592159215921744,-1.006730673067337,0.9181518151815186,-0.9775477547754982,0.9408140814081516,-1.017901790179042,0.9096809680968116,-1.014261426142627,0.9585858585858716,-0.944784478447859,0.9826382638263832,-0.9746374637464011,0.891469146914679,-0.977517751775207,0.9002600260026055,-1.0330533053305415,0.906030603060302
197,-0.7120412041203502,0.6519551955194641,-0.730703070306966,0.6759975997598999,-0.7180018001799618,0.6540654065405749,-0.7017001700169269,0.6544454445443777,-0.7410841084107774,0.6496449644963687,-0.7503650365035803,0.6687468746873937,-0.6853085308530137,0.7202320232022335,-0.6964196419641352,0.6172617261725286,-0.6980198019801384,0.6419541954194649,-0.7615861586157915,0.6323732373236427
198,-0.5179517951794604,0.44819481948189144,-0.5127212721271528,0.47304730473042256,-0.5127212721271613,0.447724772477196,-0.5008400840083276,0.445504550454996,-0.5467846784677878,0.45740574057400224,-0.5695669566956018,0.47135713571351484,-0.5024102410240383,0.5097709770976495,-0.49253925392532855,0.4370637063705761,-0.5019301930192451,0.45921592159211017,-0.5577857785777888,0.4464246424641847
199,-0.4314731473146696,0.3938493849384395,-0.4380938093808699,0.3968596859685505,-0.44442444244418067,0.3588958895889076,-0.4212521252124453,0.38971897189714216,-0.4501750175016877,0.3799979997999242,-0.45646564656458494,0.37145714571451943,-0.4294929492948581,0.4175017501749609,-0.4167816781677434,0.35413541354129496,-0.4300630063005699,0.3761876187618286,-0.4775477547754066,0.36231623162310767
200,-0.41996199619953,0.37193719371929196,-0.4281528152814347,0.3765076507649962,-0.4299429942993355,0.3349234923491564,-0.4107210721071128,0.36814681468139465,-0.43319331933184585,0.35493549354927134,-0.43446344634453865,0.34733473347326754,-0.4161316131612193,0.39676967696761417,-0.40316031603150987,0.33725372537244624,-0.41371137113702444,0.3558855885587768,-0.45262526252615815,0.3471447144713682
201,-0.19482948294830932,0.1588258825882734,-0.21657165716572735,0.16401640164017442,-0.226362636263635,0.11970197019703968,-0.2058705870587147,0.14085408540856553,-0.20351035103512086,0.11408140814083119,-0.21093109310931807,0.1287728772877454,-0.20899089908991425,0.16985698569858385,-0.19867986798681478,0.11847184718472158,-0.19270927092710952,0.14284428442846614,-0.2222722272227348,0.12253225322534114
202,0.13542354235412807,-0.19884988498838235,0.12385238523840718,-0.1894989498948761,0.13136313631351593,-0.21978197819770026,0.13211321132102646,-0.1944694469445713,0.1501650165015331,-0.21597159715959577,0.15683568356824734,-0.20153015301518196,0.1559755975596469,-0.1823082308229623,0.146234623462233,-0.23089308930882013,0.13463346334621928,-0.1931893189317699,0.12563256325620872,-0.21507150715059722
203,0.3567056705669619,-0.41764176417631477,0.3404140414040396,-0.4139813981397198,0.34353435343524963,-0.41825182518241744,0.3471347134712612,-0.3942094209419907,0.35421542154205343,-0.42960296029593104,0.3617361736172715,-0.415821582158114,0.35124512451235684,-0.3937993799378903,0.3558855885587586,-0.4452945294528526,0.35278527852775354,-0.4055105510549992,0.3392739273926396,-0.4281828182817291
204,0.4578057805779637,-0.5094509450944235,0.44293429342924856,-0.526632663266253,0.44955495549546337,-0.5281328132812451,0.46537653765368153,-0.4922092209220069,0.45917591759166243,-0.5336033603359553,0.46553655365527563,-0.5143514351434276,0.4473547354734579,-0.4981798179817142,0.45040504050395674,-0.5359435943593611,0.4492249224921516,-0.5115811581157262,0.4407840784077408,-0.5264326432642454
205,0.3625162516251438,-0.4040804080407839,0.35090509050903157,-0.42802280228022305,0.3593959395939501,-0.42310231023101286,0.35868586858685175,-0.40656065606559444,0.3621762176217431,-0.4371537153715335,0.3715271527152587,-0.4176417641764068,0.35253525352534887,-0.40329032903289075,0.34662466246623247,-0.42550255025501826,0.32873287328731243,-0.4116211621162082,0.3394939493949207,-0.4121212121212014
206,0.16874687468744382,-0.1941694169416645,0.1604360436043424,-0.2237223722372134,0.1767576757675628,-0.2406540654065138,0.16029602960295541,-0.22330233023300025,0.1585858585858386,-0.23321332133212905,0.16801680168015476,-0.22901290129011542,0.17036703670367195,-0.20828082808279014,0.1670667066706437,-0.22444244424441556,0.1308230823082105,-0.21366136613660275,0.15109510951093202,-0.21577157715770004
207,0.21247124712468524,-0.25081508150811554,0.2068406840683864,-0.2658965896589501,0.21870187018700063,-0.28327832783274515,0.21127112711269666,-0.2534253425342185,0.19533953395336312,-0.29212921292128774,0.20783078307828667,-0.27643764376435465,0.21541154115410704,-0.25164516451642926,0.2022402240223695,-0.2604260426042466,0.18556855685566295,-0.2564156415641316,0.2008400840083828,-0.2615361536153335
208,0.40454045404545547,-0.4362136213621804,0.38581858185823964,-0.44401440144019777,0.40574057405745867,-0.46391639163920073,0.40864086408646594,-0.44045404540457994,0.39367936793683495,-0.4891189118912574,0.3953795379538463,-0.45619561956200466,0.4070107010701667,-0.44440444044409066,0.39196919691974336,-0.45435543554361607,0.3692769276928229,-0.44890489048909943,0.3996899689969603,-0.4283128312831668
209,0.4424642464246121,-0.47403740374035097,0.42492249224919976,-0.4783578357835644,0.43817381738171846,-0.4915491549154491,0.44118411841182426,-0.47609760976094906,0.4209420942093932,-0.524032403240316,0.4202320232023041,-0.48995899589956926,0.43650365036502,-0.47915791579155226,0.41933193319329704,-0.485818581858179,0.4181918191818999,-0.4832083208320595,0.4335033503350198,-0.46472647264724254
210,0.2575857585757287,-0.2886888688867653,0.23492349234911064,-0.2834983498348667,0.24346434643453085,-0.31813181318117983,0.24265426542642785,-0.2844184418440541,0.2298429842983068,-0.34094409440933177,0.2242624262425044,-0.29146914691456743,0.24565456545643152,-0.29103910391026816,0.23788378837871477,-0.3018501850183943,0.2267726772676054,-0.3057405740572823,0.23506350635051745,-0.2733973397338478
211,-0.014661466146708758,-0.016401640163924633,-0.006470647064804776,-0.026162616261546735,-0.019391939194003255,-0.05858585858575009,-0.017211721172197863,-0.019861986198524795,-0.03246324632472368,-0.09466946694661232,-0.022472247224814463,-0.01970197019692069,-0.018461846184701466,-0.052365236523561134,-0.03300330033012833,-0.029672967296649436,-0.05236523652374374,-0.044274427442651657,-0.03701370137022518,-0.012951295129418871
212,-0.32293229322929073,0.28170817081706084,-0.30539053905388214,0.28118811881184197,-0.3208320832082899,0.26302630263024857,-0.3054605460545726,0.27311731173114695,-0.3432743274327153,0.21177117711767998,-0.3267726772677022,0.28653865386536753,-0.3103010301029718,0.2339733973397135,-0.33171317131710853,0.26232623262322935,-0.3601460146014375,0.25839583958392537,-0.33158315831580015,0.28469846984696595
213,-0.613591359135859,0.5709270927092224,-0.5852685268526457,0.5753875387538102,-0.589128912891238,0.550945094509398,-0.5746274627462209,0.5585058505849957,-0.6286528652864825,0.49414941494143466,-0.6257025702569862,0.5800580058005237,-0.5946294629462435,0.516731673167265,-0.6308030803079947,0.5357935793578769,-0.6517751775177156,0.5348134813480724,-0.6200120012000715,0.5908790879087393
214,-1.0138413841384604,1.011081108110849,-0.9744874487449343,0.9684868486848889,-0.993669366936741,0.9537253725372876,-0.9821982198220315,0.956655665566576,-1.0680068006801295,0.9245624562456494,-1.023182318231879,0.9890289028903146,-1.0124112411241601,0.9313731373137737,-1.0375837583758971,0.9667666766676907,-1.031163116311689,0.9436743674367681,-1.0118111811181534,0.9995799579958419
215,-1.1679667966798986,1.1683268326834715,-1.1360536053607753,1.1329132913293314,-1.1616361636165908,1.1288428842886349,-1.1461946194621844,1.1056205620564123,-1.232703270327281,1.1107310731075053,-1.183058305830824,1.1549854985500607,-1.1809980998102232,1.1112011201122303,-1.205150515051749,1.1326232623264259,-1.2045204520454338,1.1159515951597199,-1.172857285728798,1.158175817581972
216,-1.055405540554361,1.0665866586661503,-1.0632863286331644,1.0370437043707184,-1.058195819582255,1.021732173217612,-1.0598859885991656,1.0113811381141036,-1.1201320132016332,1.004000400040279,-1.0952195219525,1.0417241724175343,-1.0661666166619757,1.0331633163319212,-1.12052205220553,1.0453245324535216,-1.0780678067809764,1.0354435443547154,-1.0769776977700691,1.0575457545757525
217,-0.9866786678669958,0.9927392739275841,-0.991639163916599,0.9841684168418754,-0.989378937893996,0.9587358735875546,-1.0016101610163124,0.9421842184220359,-1.0624562456247812,0.9186818681870041,-1.0498049804982617,0.9773077307732776,-1.0171417141716321,0.9655665566558579,-1.0461046104612641,0.9987398739875908,-1.0069506950697213,0.9732073207322648,-1.0116211621164086,0.9976897689771065
218,-0.6042304230423438,0.6064606460646551,-0.6146114611461657,0.5914291429143373,-0.5778077807781121,0.5714471447145193,-0.6118411841184473,0.5636463646365112,-0.6378437843784734,0.5443344334433816,-0.6743074307431212,0.5987398739874494,-0.6228322832283659,0.5675267526753062,-0.6531253125312982,0.6221822182218661,-0.6095409540954535,0.5667566756676001,-0.6245424542454584,0.5829782978298361
219,-0.07249724972484581,0.04505450545042214,-0.08737873787367019,0.03842384238411565,-0.05035503550342054,0.018211821181993874,-0.09003900390026456,0.02107210721060248,-0.08682868286814863,0.017941794179289712,-0.14512451245112185,0.056545654565336737,-0.07563756375624639,0.022162216221491816,-0.10995099509938198,0.07834783478334846,-0.06613661366124285,0.041014101410004604,-0.08743874387425375,0.012011201119989845
220,0.334443444344557,-0.3453745374538692,0.300710071007206,-0.35086508650876974,0.3364536453646587,-0.37791779177930007,0.2906390639065114,-0.3533953395340661,0.31254125412554307,-0.37145714571469507,0.2718471847185883,-0.330303030303148,0.28897889788991543,-0.3697569756977006,0.2891989198921124,-0.33315331533166126,0.31114111411153167,-0.3512051205121856,0.28271827182730763,-0.3758675867587939
221,0.45341534153421786,-0.48287828782885084,0.43176317631768457,-0.48639863986404713,0.4430943094310117,-0.5028802880288666,0.4107410741074731,-0.48149814981504246,0.45127512751282167,-0.4857385738574486,0.4104710471047695,-0.4691269126913367,0.4185518551855896,-0.4932393239324678,0.4301230123012955,-0.4887088708871584,0.42940294029409637,-0.49582958295837243,0.4011801180118765,-0.49845984598465387
222,0.3739973997400709,-0.3963996399640914,0.3630263026303517,-0.42035203520360254,0.36307630763086646,-0.4297029702971204,0.33738373837393093,-0.4052505250525898,0.35825582558265956,-0.39670967096718607,0.3470947094710404,-0.39685968596869287,0.3410941094110446,-0.4140414041405114,0.3375837583759374,-0.40258025802590036,0.34985498549865346,-0.4140414041405117,0.339203920392151,-0.43266326632672225
223,0.3307430743075684,-0.36157615761589845,0.3194419441945486,-0.38214821482160577,0.3236323632364659,-0.3842584258427115,0.28849884988512375,-0.36985698569868664,0.32091209120926223,-0.3584158415842847,0.31085108510864706,-0.3618161816183019,0.3108310831084549,-0.3594759475948939,0.29139913991413685,-0.37214721472160545,0.3167816781679604,-0.362356235623695,0.2953095309532485,-0.392769276927824
224,0.3249624962497904,-0.35120512051221825,0.3265526552656806,-0.3844184418443365,0.3326432643266051,-0.4071107110712686,0.2920392039205573,-0.3794279427944269,0.34316431643181367,-0.36833683368352405,0.2990299029904615,-0.37292729272944286,0.31252125212538046,-0.3835783578359454,0.31102110211038225,-0.38641864186434605,0.31467146714688127,-0.3776077607762394,0.30324032403258355,-0.39812981298145783
225,0.4542254225423746,-0.5051005100511337,0.4596459645965718,-0.5308030803081483,0.48121812181230655,-0.5440844084409747,0.4392839283929593,-0.520932093209435,0.48333833383350616,-0.5011301130114242,0.4546454645465706,-0.5154015401541568,0.4400240024003671,-0.5296829682969556,0.46285628562868714,-0.5143114311432411,0.4441944194420636,-0.5294829482949595,0.44720472047217685,-0.529172917291855
226,0.17810781078118043,-0.22124212421252365,0.19615961596169113,-0.26761676167626325,0.20347034703480635,-0.2998899889990037,0.1664066406641649,-0.2609060906091453,0.2428242824283417,-0.2283728372838277,0.1755075507551801,-0.2542854285429638,0.13963396339644885,-0.2655265526553653,0.22885288528863074,-0.26879687968806926,0.1562656265627644,-0.27577757775787454,0.16853685368547816,-0.26288628862896557
227,-0.105810581057911,0.08449844984479774,-0.08790879087890403,0.013091309130724578,-0.1056305630561146,0.024292429242734264,-0.12587258725854172,0.06229622962278656,-0.07487748774858158,0.05876587658746742,-0.12733273327312883,0.005790579057713824,-0.13176317631743592,0.014711471146927032,-0.08243824382419153,0.015921592159029337,-0.13279327932773427,0.018641864186230032,-0.12593259325913242,0.034203420341844454
228,0.16639663966408924,-0.18952895289540841,0.21394139413952656,-0.2684468446845834,0.17068706870698724,-0.25737573757387355,0.1735773577358926,-0.202990299030001,0.17362736273639717,-0.20365036503661713,0.14028402840297405,-0.24147414741486123,0.12588258825895812,-0.24278427842796274,0.17208720872099176,-0.23931393139324905,0.12213221322145829,-0.25229522952306954,0.1352435243525625,-0.24593459345945407
229,0.34280428042800015,-0.3590759075907185,0.394199419941949,-0.45080508050800927,0.331633163316285,-0.4462046204620035,0.37504750475043436,-0.39581958195814704,0.3489148914891178,-0.36807680768071704,0.3230323032302865,-0.39620962096205936,0.304440444044389,-0.4325232523251965,0.35013501350131204,-0.4188018801879694,0.33619361936190595,-0.4212221222121846,0.3212021202119877,-0.42525252525247353
230,0.4985398539853075,-0.5215421542153416,0.5575957595758585,-0.5997699769976172,0.49773977397730285,-0.5683868386837921,0.5133813381337209,-0.5359435943593498,0.4923192319231055,-0.5367336733672474,0.46426642664257567,-0.5455545554554676,0.43543354335426926,-0.5704770477046947,0.484348434843393,-0.5905890589058016,0.5044804480447224,-0.5450945094508672,0.48698869886979645,-0.5696969696968782
231,0.6685068506849492,-0.7062906290627944,0.6887188718870599,-0.7513051305129366,0.674717471747049,-0.7084608460845012,0.6879287928791591,-0.7233423342333122,0.6366836683667152,-0.7047004700468869,0.6166116611659983,-0.7210821082107077,0.6263326332632233,-0.7354035403539294,0.6587458745873395,-0.7419741974196286,0.6574657465745463,-0.7108910891088019,0.6484048404839242,-0.7344334433442172
232,0.7376237623760783,-0.7954795479546413,0.7409240924090732,-0.8289428942892707,0.7682568256824063,-0.7731973197318269,0.7660166016599993,-0.8013101310129447,0.7142514251423475,-0.7811881188117189,0.7517551755173927,-0.8247524752473675,0.7230323032301734,-0.8397939793977849,0.7171417141712575,-0.8258425842582667,0.7575357535752025,-0.8023402340232502,0.7259925992597595,-0.8237723772375651
233,1.0346334633461924,-1.0748474847483478,0.9968696869685437,-1.106570657065577,1.0573757375736101,-1.0449744974496247,1.0325532553253738,-1.0690669066905376,1.0381538153813845,-1.0603460346033193,1.028422842284082,-1.0955295529551632,1.0249624962494883,-1.1277627762774949,0.9928992899288493,-1.109710971096975,1.0692269226921338,-1.0495949594958232,0.9847684768475365,-1.1183418341832863
234,1.5013101310130237,-1.5808280828082242,1.5162716271626373,-1.5610161016101047,1.5553955395538723,-1.5673267326732176,1.5400840084007492,-1.5896789678967334,1.5823182318230982,-1.5603060306029992,1.528942894289342,-1.5876187618761277,1.535023502350158,-1.6484548454844903,1.4954795479547143,-1.625552555255462,1.6121512151214399,-1.56971697169711,1.5147914791478327,-1.615481548154762
235,1.9264926492649437,-1.9516551655165542,1.9350435043504457,-1.944294429442958,1.9363636363636436,-1.963836383638373,1.958015801580154,-1.9760076007600789,1.9512451245124538,-1.966546654665473,1.9242824282428284,-1.9754875487548749,1.9095209520952163,-2.0212321232123176,1.8549454945494483,-2.0139513951395065,2.023662366236634,-1.9624362436243699,1.9090209020902158,-1.9729572957295793
236,1.643334333433429,-1.6887288728873788,1.651635163516435,-1.6498549854986582,1.6727872787279474,-1.6901690169017884,1.6908190819082614,-1.6926392639264907,1.6648564856486454,-1.6498649864987525,1.6300230023003108,-1.699229922992387,1.654205420542134,-1.7377937793780303,1.5653765376538387,-1.6944994499450818,1.6942294229423789,-1.6674767476748653,1.671647164716547,-1.6664866486649692
237,0.7089308930894493,-0.8055805580559328,0.7566556655666887,-0.8088008800881449,0.7842184218423154,-0.7382738273828785,0.7315231523153576,-0.7770277027704046,0.778137813781501,-0.7286428642865688,0.7186418641865613,-0.8496949694970771,0.7378437843785728,-0.7524052405241888,0.5966096609662228,-0.8101510151016441,0.7856585658567199,-0.7405440544055703,0.7403940394040702,-0.7743774377439104
238,-0.42129212921280207,0.2635263526351566,-0.34585458545842807,0.3212421242123025,-0.3262026202619182,0.310411041103995,-0.41735173517341434,0.3561156115610467,-0.3582658265825591,0.33347334733461576,-0.39017901790166615,0.23681368136802616,-0.40599059905979246,0.3479447944793304,-0.5228622862285226,0.33078307830771747,-0.33026302630251114,0.3112711271126021,-0.4444544454444354,0.36650665066495547
239,-1.2594259425940912,1.0767776777676363,-1.1534953495347922,1.0859485948593193,-1.0926192619260555,1.1119711971195623,-1.182138213821224,1.1314331433141742,-1.1536253625360997,1.1292629262924747,-1.1885088508849102,1.078457845784423,-1.2249024902488639,1.1108110811079517,-1.2620662066205015,1.1197619761974675,-1.1422442244222712,1.1138913891387672,-1.2846484648463194,1.177847784778341
240,-1.7601360136012065,1.5759575957594367,-1.656015601560017,1.5636463646362968,-1.617401740173896,1.5925992599258347,-1.6834383438342426,1.623702370236868,-1.6517451745173115,1.6260026002598686,-1.729272927292574,1.5696569656964003,-1.7257525752573897,1.619571957195565,-1.7540654065405086,1.653885388538707,-1.708110811080958,1.6474947494748067,-1.7809880988097324,1.6496549654964112
241,-2.6493449344933766,2.541004100410045,-2.5272027202719594,2.4721972197219673,-2.532543254325386,2.5457445744574354,-2.4939993999399324,2.5976897689769025,-2.569816981698099,2.4956695669566904,-2.639783978397771,2.5853485348534684,-2.720022002200164,2.511121112111207,-2.649134913491291,2.5759975997599827,-2.6029402940293336,2.6143414341434097,-2.667416741674099,2.535273527352729
242,-3.648524852485182,3.5262626262625942,-3.511351135113442,3.524212421242088,-3.5156515651564715,3.480958095809553,-3.416171617161658,3.5352135213521043,-3.5244724472446647,3.5148714871486773,-3.602680268026739,3.5129512951294686,-3.7277827782777666,3.494629462946271,-3.6195619561955663,3.557585758575831,-3.543144314431383,3.584358435843553,-3.683138313831323,3.4547254725472163
243,-3.865266526652741,3.8052605260526886,-3.7977097709771708,3.774877487748863,-3.7573757375738532,3.7223622362237156,-3.6596259625963343,3.790459045904683,-3.7685068506851453,3.742684268426934,-3.8383338333834,3.767786778677946,-3.977577757775855,3.750105010501147,-3.8465746574658297,3.8048304830484025,-3.818281828182902,3.797929792979391,-3.9065406540654823,3.691089108910968
244,-3.7321432143215825,3.640064006400769,-3.725782578257972,3.7185318531854414,-3.7016201620163542,3.591089108911016,-3.5321532153216704,3.7504750475048634,-3.68585858585873,3.6572957295730837,-3.7152715271528494,3.6020002000201186,-3.8822482248226415,3.613731373137449,-3.7938493849386434,3.743884388438971,-3.7094109410942666,3.6740774077409086,-3.768086808681025,3.55608560856097
245,-3.472407240724092,3.389698969897036,-3.502440244024432,3.5020102010201337,-3.4442544254425798,3.3409340934093716,-3.3320432043204633,3.514521452145241,-3.485698569857006,3.449704970497085,-3.4816881688169,3.3871587158716245,-3.61849184918495,3.3967896789679406,-3.538333833383362,3.484898489849019,-3.477887788778915,3.4580358035803918,-3.5765876587659156,3.3536953695369864
246,-2.7204020402040325,2.604940494049443,-2.7305330533053414,2.7459945994599777,-2.6822082208220936,2.6252425242524517,-2.620272027202741,2.7767876787679007,-2.636303630363043,2.692939293929429,-2.690149014901497,2.6167316731673456,-2.8656765676567764,2.5987398739874346,-2.7283928392839383,2.715831583158355,-2.6886288628862967,2.6921092109211244,-2.8010201020102126,2.5620962096209903
247,-1.627762776277641,1.491759175917584,-1.7020102010201208,1.6097309730973022,-1.6925892589259046,1.5396539653965335,-1.5633663366336836,1.6769076907690643,-1.5784778477847874,1.560466046604656,-1.5825882588258993,1.5873487348734843,-1.8333533353335327,1.573487348734875,-1.7411741174117579,1.6475247524752528,-1.5898189818982114,1.6325832583258317,-1.7287128712871433,1.5278827882788235
248,-0.5993499349934246,0.494729472947217,-0.6404840484047658,0.5389538953894577,-0.6003500350034292,0.5544154415440782,-0.5531053105309847,0.6525552555254643,-0.6079807980797288,0.5485548554854703,-0.5487048704869772,0.5623862386237881,-0.7273827382737478,0.55055505550548,-0.6184718471846438,0.5696169616960948,-0.5645864586457997,0.556065606560581,-0.6453845384537737,0.4782378237823006
249,0.009700970097093998,-0.09423942394248241,-0.022152215221439467,-0.03828382838292752,0.019541954195501195,-0.06077607760784277,0.06469646964704578,0.04479447944785711,0.050405040504138694,-0.07997799779986801,0.03370337033711743,-0.05255525552563417,-0.059425942594173,-0.018421842184298584,-0.007320732073125812,-0.039393939394023886,0.023212321232200246,-0.059255925592640916,-0.03384338433835183,-0.09886988698878671
250,0.2178117811781811,-0.26925692569263504,0.17186718671873652,-0.22608260826089052,0.20691069106916904,-0.22501250125018665,0.23452345234529332,-0.18298829882994697,0.2320432043204977,-0.26579657965803044,0.20123012301236382,-0.2563356335634159,0.17998799879994498,-0.20760076007606493,0.19539953995405657,-0.27544754475453564,0.2218021802180824,-0.24009400940099884,0.21903190319038093,-0.2659465946595275
251,0.28880888088810974,-0.3205920592059441,0.24868486848687305,-0.2651765176517843,0.3090609060906302,-0.2844484448445065,0.30214021402142627,-0.24767476747676928,0.2821182118212053,-0.3145814581458365,0.251785178517873,-0.3363236323632563,0.2909790979098118,-0.28124812481249845,0.2872087208721072,-0.3117411741174302,0.30403040304032225,-0.3021402140214213,0.2730173017301957,-0.3067806780678264
