Iteration,DateTime,Batch-ID,Avg-Total-Reward,Long-Reward,Short_Reward,#Long_Trades,#Short_Trades,Avg-Hold-Action,Avg-Buy-Action,Avg-Sell-Action
999501,2018-12-11,3897,-40.99999999998511,-44.19999999998663,3.2000000000015234,47,12,38,225,13
999502,2012-11-28,2323,-95.79999999999734,-66.39999999999924,-29.3999999999981,49,17,48,210,18
999503,2023-01-24,4972,9.299999999988813,5.999999999994202,3.2999999999946112,41,17,33,225,18
999504,2020-12-01,4412,48.1999999999976,84.69999999999783,-36.50000000000023,33,18,18,240,18
999505,2007-10-15,986,-76.00000000001148,-68.50000000000637,-7.500000000005116,38,10,34,231,11
999506,2008-11-18,1272,115.9999999999954,47.99999999999761,67.99999999999778,39,11,40,225,11
999507,2009-03-09,1351,-244.50000000000483,-211.00000000000216,-33.50000000000267,54,13,50,211,15
999508,2008-12-05,1285,227.49999999999812,204.99999999999864,22.49999999999949,34,14,24,238,14
999509,2020-12-02,4413,-2.999999999998124,17.300000000001205,-20.29999999999933,27,13,14,248,14
999510,2010-03-15,1616,-167.50000000000307,-154.50000000000085,-13.000000000002217,32,17,17,241,18
999511,2015-05-15,2965,-4.599999999995589,20.300000000000523,-24.899999999996112,31,15,17,243,16
999512,2021-07-09,4570,31.699999999995384,40.69999999999436,-8.999999999998977,23,11,14,248,14
999513,2015-05-15,2965,49.1999999999864,59.39999999998918,-10.200000000002774,30,12,19,244,13
999514,2010-02-11,1594,-86.50000000000523,-84.00000000000256,-2.5000000000026716,29,7,22,247,7
999515,2023-12-04,5196,-9.300000000001205,20.100000000000364,-29.40000000000157,27,13,15,248,13
999516,2007-05-30,888,-87.50000000000114,-78.50000000000227,-8.999999999998863,31,14,18,244,14
999517,2017-08-10,3549,-148.80000000001803,-149.80000000001667,0.9999999999986358,35,13,24,238,14
999518,2009-07-27,1451,22.500000000002046,38.500000000005,-16.000000000002956,31,13,18,243,15
999519,2006-12-01,760,5.099999999990814,25.29999999999484,-20.200000000004025,26,14,14,247,15
999520,2014-09-02,2782,31.29999999999461,63.89999999999429,-32.59999999999968,23,16,7,253,16
999521,2009-04-06,1371,-326.9999999999926,-260.9999999999957,-65.99999999999693,50,22,33,219,24
999522,2022-05-04,4783,-83.3999999999869,-52.599999999995816,-30.799999999991087,38,16,26,234,16
999523,2007-10-15,986,-46.99999999998511,-31.49999999999011,-15.499999999994998,30,10,25,241,10
999524,2006-03-13,571,-67.99999999999147,-46.49999999999534,-21.499999999996135,32,11,24,241,11
999525,2022-01-18,4707,-105.40000000000214,-112.00000000000296,6.6000000000008185,34,15,18,241,17
999526,2011-07-05,1957,-24.900000000003786,-39.80000000000405,14.900000000000261,33,17,16,241,19
999527,2016-04-25,3211,-9.099999999996328,-4.999999999997897,-4.099999999998431,23,8,15,253,8
999528,2020-12-02,4413,30.800000000006833,37.10000000000326,-6.29999999999643,24,13,11,252,13
999529,2014-01-09,2614,-18.100000000009118,3.2999999999949523,-21.40000000000407,26,14,14,246,16
999530,2019-10-04,4110,-34.999999999995396,-29.499999999999147,-5.499999999996248,27,17,13,246,17
999531,2008-09-24,1233,7.500000000010232,-7.999999999994998,15.50000000000523,40,10,32,234,10
999532,2007-11-21,1013,-263.5000000000058,-250.5000000000009,-13.000000000004889,39,9,33,233,10
999533,2019-05-29,4018,-49.69999999999965,-48.50000000000034,-1.1999999999993065,27,7,24,245,7
999534,2008-02-18,1076,-91.49999999998374,-56.49999999998931,-34.99999999999443,26,7,21,248,7
999535,2016-11-22,3362,-10.8999999999931,-2.199999999998113,-8.699999999994986,27,16,12,247,17
999536,2024-11-01,5435,-24.4999999999975,-27.399999999996794,2.899999999999295,37,16,22,237,17
999537,2024-01-15,5226,23.39999999999941,31.99999999999943,-8.600000000000023,28,8,21,247,8
999538,2023-02-13,4986,9.699999999995725,37.499999999999204,-27.80000000000348,29,11,18,247,11
999539,2023-01-02,4956,-105.49999999999136,-102.79999999999416,-2.6999999999972033,32,14,19,242,15
999540,2013-09-18,2533,8.799999999998818,2.7999999999973397,6.000000000001478,27,8,20,247,9
999541,2010-04-15,1639,-61.99999999999619,-96.49999999999574,34.499999999999545,34,16,22,235,19
999542,2024-03-29,5280,-3.9999999999910187,6.80000000000507,-10.79999999999609,27,14,14,248,14
999543,2024-04-15,5291,7.600000000000932,10.900000000000091,-3.2999999999991587,29,13,18,244,14
999544,2019-10-04,4110,-27.299999999993872,-20.39999999999742,-6.899999999996453,26,13,14,248,14
999545,2010-11-26,1800,-54.30000000000098,-43.700000000000045,-10.600000000000932,30,11,19,245,12
999546,2013-10-08,2547,-54.80000000000757,-31.20000000000357,-23.600000000004002,37,18,24,233,19
999547,2008-03-28,1105,-73.0999999999949,-71.09999999999422,-2.000000000000682,36,9,32,235,9
999548,2022-05-25,4798,-98.700000000008,-66.200000000003,-32.500000000005,37,13,28,234,14
999549,2015-04-23,2949,-17.99999999999551,21.3000000000049,-39.30000000000041,33,16,23,236,17
999550,2022-06-23,4819,-215.20000000000584,-193.40000000000282,-21.800000000003024,44,17,33,225,18
999551,2009-10-19,1511,1.5000000000059117,6.000000000006139,-4.500000000000227,31,11,22,243,11
999552,2018-08-23,3819,-5.699999999994361,9.200000000002433,-14.899999999996794,30,12,20,244,12
999553,2013-11-15,2575,78.300000000002,59.20000000000039,19.100000000001614,26,11,15,250,11
999554,2010-01-28,1584,-56.00000000000858,-65.0000000000046,8.999999999996021,31,11,21,244,11
999555,2015-11-13,3095,-207.4999999999942,-199.69999999999447,-7.799999999999727,33,15,17,244,15
999556,2007-11-23,1015,-3.7000000000126647,-15.20000000000664,11.499999999993975,40,17,27,232,17
999557,2008-06-13,1160,-30.499999999990678,-28.499999999994884,-1.9999999999957936,26,13,12,251,13
999558,2023-02-28,4997,-19.400000000014302,-16.200000000010846,-3.200000000003456,30,12,19,244,13
999559,2011-05-06,1915,-167.8000000000041,-157.30000000000172,-10.500000000002387,37,10,30,236,10
999560,2020-01-13,4181,-8.000000000002899,3.8999999999966235,-11.899999999999523,32,12,21,242,13
999561,2009-08-12,1463,118.00000000000716,121.50000000000432,-3.499999999997158,30,16,20,234,22
999562,2020-06-16,4292,-115.60000000000383,-121.90000000000362,6.299999999999784,39,13,32,230,14
999563,2008-12-05,1285,-115.5000000000012,-59.50000000000347,-55.999999999997726,43,16,44,215,17
999564,2006-02-28,562,34.0999999999932,53.899999999992815,-19.799999999999613,19,5,13,258,5
999565,2017-02-15,3423,-39.00000000000506,-8.00000000000307,-31.00000000000199,27,16,18,242,16
999566,2010-12-09,1809,-117.09999999999741,-88.19999999999771,-28.899999999999693,36,12,28,236,12
999567,2014-06-02,2716,-17.999999999998977,-3.9999999999990905,-13.999999999999886,28,17,14,245,17
999568,2018-05-16,3748,-70.10000000001105,-57.400000000007594,-12.700000000003456,32,9,25,242,9
999569,2010-12-20,1816,-54.400000000002194,-48.59999999999991,-5.800000000002285,26,8,21,247,8
999570,2006-03-15,573,-56.59999999999866,-33.600000000001046,-22.999999999997613,31,11,23,240,13
999571,2020-07-14,4312,-10.599999999999454,9.600000000000705,-20.20000000000016,34,16,18,241,17
999572,2016-09-29,3324,25.200000000001012,29.800000000000693,-4.599999999999682,26,13,14,249,13
999573,2005-01-19,273,21.999999999992838,42.999999999997044,-21.000000000004206,29,10,20,245,11
999574,2019-06-24,4036,-28.899999999994748,-11.699999999997317,-17.19999999999743,20,10,9,255,12
999575,2018-05-21,3751,20.899999999999068,18.700000000000387,2.1999999999986812,29,13,16,247,13
999576,2023-06-21,5078,55.300000000003706,73.70000000000186,-18.39999999999816,38,17,26,231,19
999577,2009-01-20,1317,-206.5000000000005,-234.4999999999999,27.999999999999375,50,18,38,219,19
999578,2007-06-14,899,-20.499999999994884,3.499999999998863,-23.999999999993747,29,14,17,245,14
999579,2011-09-16,2010,-131.3999999999935,-95.79999999999615,-35.59999999999735,35,18,22,234,20
999580,2015-07-28,3017,-20.00000000000398,-9.900000000004525,-10.099999999999454,28,12,15,249,12
999581,2007-05-30,888,-109.00000000000125,-73.50000000000477,-35.499999999996476,35,16,23,237,16
999582,2020-10-21,4383,-83.59999999999911,-87.69999999999862,4.099999999999511,24,8,19,248,9
999583,2010-08-16,1726,-83.49999999999142,-56.499999999994486,-26.99999999999693,27,8,21,245,10
999584,2010-07-23,1710,8.000000000004434,15.000000000001876,-6.999999999997442,47,12,40,224,12
999585,2019-06-14,4030,-62.799999999991144,-59.1999999999947,-3.5999999999964416,24,10,14,252,10
999586,2011-09-23,2015,91.09999999999803,63.3999999999977,27.70000000000033,26,6,23,246,7
999587,2014-09-30,2802,22.20000000000914,-14.699999999996294,36.900000000005434,25,19,11,245,20
999588,2008-11-28,1280,-191.99999999999568,-228.49999999999704,36.500000000001364,44,12,36,228,12
999589,2007-11-21,1013,-526.9999999999833,-428.9999999999859,-97.99999999999739,51,17,42,215,19
999590,2008-11-13,1269,807.4999999999997,808.4999999999989,-0.999999999999261,35,8,51,217,8
999591,2011-01-21,1840,-35.3999999999927,-1.1999999999959527,-34.19999999999675,33,20,13,241,22
999592,2013-05-06,2436,-48.700000000013006,-45.300000000006776,-3.40000000000623,29,14,16,245,15
999593,2011-09-26,2016,-31.100000000001444,-5.7999999999999545,-25.30000000000149,32,11,21,244,11
999594,2016-01-27,3148,75.70000000000493,81.00000000000034,-5.299999999995407,28,14,15,246,15
999595,2013-08-19,2511,-89.90000000000805,-70.1000000000057,-19.800000000002342,32,8,26,242,8
999596,2019-11-04,4131,-4.800000000001489,0.8999999999998067,-5.700000000001296,19,9,10,257,9
999597,2004-01-23,15,-133.0000000000033,-124.00000000000432,-8.999999999998977,35,11,25,240,11
999598,2013-02-20,2383,-211.1999999999975,-201.99999999999937,-9.199999999998113,31,9,25,242,9
999599,2016-04-07,3199,-137.6000000000007,-143.99999999999903,6.399999999998329,32,12,27,236,13
999600,2024-05-27,5321,-46.79999999999632,-28.599999999995134,-18.200000000001182,32,12,22,240,14
999601,2018-05-16,3748,-22.700000000015734,-25.70000000000971,2.9999999999939746,32,13,19,244,13
999602,2012-12-20,2339,27.50000000000631,19.800000000005127,7.700000000001182,28,11,19,245,12
999603,2020-10-21,4383,-86.70000000000095,-78.20000000000084,-8.500000000000114,31,18,16,242,18
999604,2014-06-02,2716,-24.59999999998422,-8.399999999993497,-16.199999999990723,30,11,20,245,11
999605,2015-09-14,3051,-126.99999999998988,-120.29999999999245,-6.699999999997431,32,12,23,241,12
999606,2007-11-23,1015,-82.6000000000173,-74.60000000001367,-8.000000000003638,39,12,31,230,15
999607,2005-04-25,341,-23.000000000006025,-28.000000000002842,4.999999999996817,28,11,18,247,11
999608,2024-02-16,5250,-6.000000000021373,1.4999999999891998,-7.500000000010573,26,16,12,245,19
999609,2014-02-25,2647,-67.2999999999978,-55.399999999995316,-11.900000000002478,29,9,27,240,9
999610,2006-04-07,590,-116.60000000000389,-95.39999999999964,-21.200000000004252,30,9,24,242,10
999611,2017-06-27,3517,154.2000000000021,172.40000000000163,-18.199999999999534,33,18,22,233,21
999612,2018-03-05,3696,82.29999999999961,98.89999999999873,-16.599999999999113,30,15,15,246,15
999613,2017-12-29,3650,1.7999999999960892,10.800000000000637,-9.000000000004547,31,14,22,239,15
999614,2017-04-05,3458,-128.60000000000667,-101.40000000000413,-27.200000000002547,30,10,21,244,11
999615,2011-07-05,1957,-99.20000000000005,-63.800000000002115,-35.39999999999793,33,15,22,238,16
999616,2022-05-24,4797,-105.69999999999118,-70.29999999999609,-35.39999999999509,36,15,30,231,15
999617,2009-02-02,1326,7.50000000000324,-5.9999999999983515,13.500000000001592,37,16,24,235,17
999618,2013-06-17,2466,-95.80000000000268,-23.10000000000133,-72.70000000000135,38,12,32,232,12
999619,2004-08-10,157,-6.000000000006139,13.999999999996817,-20.000000000002956,27,17,10,248,18
999620,2019-08-05,4066,-68.09999999999616,-42.699999999997885,-25.399999999998272,36,21,19,236,21
999621,2020-05-20,4273,16.00000000000523,13.700000000004025,2.300000000001205,30,17,16,241,19
999622,2024-03-05,5262,-70.50000000001194,-56.7000000000063,-13.800000000005639,28,15,15,246,15
999623,2011-01-18,1837,-15.799999999998363,19.999999999999886,-35.79999999999825,27,7,25,243,8
999624,2021-10-15,4640,-19.200000000013233,3.6999999999941338,-22.900000000007367,29,16,14,244,18
999625,2008-07-02,1173,12.999999999984198,16.499999999991815,-3.500000000007617,30,15,18,240,18
999626,2012-01-30,2106,-131.90000000000498,-130.60000000000338,-1.300000000001603,29,9,21,246,9
999627,2005-01-19,273,-4.000000000008981,15.999999999994202,-20.000000000003183,31,11,21,242,13
999628,2007-06-14,899,27.000000000001023,26.00000000000216,0.9999999999988631,31,19,13,242,21
999629,2022-07-19,4837,20.69999999999709,65.70000000000118,-45.00000000000409,28,12,17,247,12
999630,2014-04-29,2692,-43.99999999999909,-39.5999999999957,-4.400000000003388,28,15,14,245,17
999631,2013-11-13,2573,-9.099999999995134,-5.099999999997181,-3.9999999999979536,17,8,11,256,9
999632,2011-01-21,1840,-70.19999999999118,-9.19999999999527,-60.99999999999591,34,19,19,237,20
999633,2011-09-23,2015,-68.2000000000022,-38.90000000000174,-29.300000000000466,43,17,31,226,19
999634,2022-07-19,4837,148.90000000001146,126.80000000001155,22.09999999999991,28,13,18,245,13
999635,2017-10-20,3600,-1.0000000000031832,23.69999999999493,-24.699999999998113,30,12,19,243,14
999636,2018-03-05,3696,73.59999999999945,84.59999999999854,-10.99999999999909,27,10,17,248,11
999637,2006-04-27,604,-27.000000000010118,-17.300000000007685,-9.700000000002433,27,8,20,248,8
999638,2024-03-29,5280,14.399999999993497,4.299999999996885,10.099999999996612,26,13,12,250,14
999639,2020-01-13,4181,31.199999999997544,37.499999999997556,-6.300000000000011,23,6,16,254,6
999640,2010-03-16,1617,26.00000000000182,55.000000000000455,-28.999999999998636,32,15,19,242,15
999641,2006-06-22,644,24.500000000002842,29.499999999999773,-4.9999999999969305,27,11,21,244,11
999642,2023-12-04,5196,-25.80000000000564,11.299999999996544,-37.10000000000218,35,17,23,235,18
999643,2016-07-05,3262,-269.800000000001,-253.7000000000018,-16.09999999999917,31,13,20,243,13
999644,2019-12-02,4151,-28.999999999994998,-19.899999999996965,-9.099999999998033,25,11,15,249,12
999645,2022-09-20,4882,-83.00000000000693,-62.40000000000771,-20.599999999999227,34,16,24,235,17
999646,2016-08-24,3298,-42.50000000000216,-39.30000000000217,-3.1999999999999886,32,16,16,242,18
999647,2016-11-30,3368,123.50000000000637,158.50000000000392,-34.999999999997556,20,12,8,256,12
999648,2022-05-24,4797,-96.70000000000334,-88.20000000000493,-8.499999999998408,33,13,21,241,14
999649,2022-09-20,4882,-107.60000000001628,-86.80000000000848,-20.8000000000078,38,15,23,238,15
999650,2007-02-01,804,-78.00000000000853,-49.50000000000284,-28.500000000005684,37,16,26,230,20
999651,2019-07-15,4051,-35.199999999995896,-25.59999999999576,-9.600000000000136,25,6,19,251,6
999652,2004-11-23,232,9.999999999995111,13.999999999996817,-4.000000000001705,27,9,19,248,9
999653,2006-10-05,719,-12.500000000030354,-14.00000000001728,1.499999999986926,33,16,19,240,17
999654,2008-08-18,1206,-91.49999999998806,-80.49999999999477,-10.999999999993292,31,13,21,241,14
999655,2011-06-17,1945,-169.69999999999646,-118.19999999999715,-51.49999999999932,31,7,27,242,7
999656,2004-05-04,87,-132.99999999999454,-72.99999999999761,-59.99999999999693,36,16,28,232,16
999657,2017-05-26,3495,-132.49999999999523,-121.9999999999963,-10.49999999999892,32,14,21,241,14
999658,2004-01-12,6,-137.0000000000092,-126.00000000000637,-11.000000000002842,33,11,26,239,11
999659,2008-06-13,1160,-6.000000000008413,-11.500000000004775,5.499999999996362,23,11,12,252,12
999660,2010-03-31,1628,123.00000000000148,119.50000000000045,3.500000000001023,30,11,24,238,14
999661,2017-03-24,3450,-8.59999999999701,0.9000000000017963,-9.499999999998806,34,16,18,241,17
999662,2023-11-24,5190,28.499999999995566,34.39999999999566,-5.900000000000091,26,16,12,247,17
999663,2018-02-23,3690,-56.00000000000057,-45.599999999999795,-10.400000000000773,26,15,14,247,15
999664,2022-03-08,4742,50.900000000005036,47.5000000000033,3.4000000000017394,27,5,25,246,5
999665,2013-01-22,2362,-163.49999999999807,-155.59999999999968,-7.899999999998386,39,13,28,235,13
999666,2010-04-15,1639,-136.50000000001017,-131.00000000000648,-5.500000000003695,35,8,27,240,9
999667,2014-05-09,2700,-79.30000000000291,-64.900000000001,-14.40000000000191,26,14,13,247,16
999668,2020-05-21,4274,-58.39999999999816,-44.39999999999844,-13.999999999999716,23,9,14,253,9
999669,2011-06-06,1936,-111.89999999999065,-98.89999999999452,-12.999999999996135,31,15,17,243,16
999670,2008-01-29,1062,-95.99999999998761,-35.99999999999625,-59.99999999999136,35,13,24,238,14
999671,2023-10-06,5155,23.70000000000016,52.49999999999977,-28.799999999999613,29,14,16,246,14
999672,2006-04-07,590,-108.19999999999538,-101.40000000000248,-6.799999999992906,36,19,20,236,20
999673,2013-11-15,2575,27.20000000001039,34.900000000005775,-7.699999999995384,30,17,17,241,18
999674,2012-01-30,2106,-82.8000000000045,-95.50000000000267,12.69999999999817,25,14,14,247,15
999675,2023-10-06,5155,68.09999999999684,85.69999999999993,-17.600000000003092,25,11,17,247,12
999676,2017-04-28,3475,31.800000000006094,31.60000000000292,0.20000000000317186,33,21,18,236,22
999677,2024-06-24,5341,-31.600000000003433,-3.7000000000014097,-27.900000000002024,29,12,17,247,12
999678,2024-03-11,5266,-11.000000000013074,-17.00000000000898,5.999999999995907,30,11,21,243,12
999679,2022-05-24,4797,-50.400000000002024,-43.00000000000125,-7.400000000000773,35,12,27,236,13
999680,2010-04-15,1639,-64.99999999999432,-71.49999999999778,6.5000000000034674,30,10,21,244,11
999681,2020-11-13,4400,-11.599999999996271,-0.699999999996237,-10.900000000000034,25,10,19,247,10
999682,2022-07-19,4837,50.599999999997294,63.29999999999666,-12.699999999999363,36,17,27,231,18
999683,2017-05-12,3485,-59.100000000001444,-37.30000000000024,-21.800000000001205,31,15,15,243,18
999684,2017-01-10,3397,-78.70000000000294,-74.6000000000015,-4.100000000001444,35,16,23,236,17
999685,2011-11-29,2062,-54.000000000000966,-32.400000000002024,-21.599999999998943,29,12,19,243,14
999686,2017-07-26,3538,-62.899999999983834,-24.299999999990632,-38.5999999999932,34,18,17,240,19
999687,2012-05-16,2183,-36.00000000000932,-27.10000000000565,-8.900000000003672,28,12,19,243,14
999688,2006-01-03,522,-69.9000000000043,-44.800000000002456,-25.10000000000184,30,14,18,242,16
999689,2007-06-19,902,-96.50000000001205,-76.50000000000796,-20.000000000004093,29,12,18,246,12
999690,2013-06-17,2466,4.300000000005127,2.5000000000027853,1.800000000002342,21,10,12,252,12
999691,2015-09-10,3049,52.10000000000514,89.69999999999936,-37.599999999994225,31,15,23,238,15
999692,2019-06-10,4026,-47.60000000000355,-34.200000000002944,-13.400000000000603,19,10,8,258,10
999693,2020-05-20,4273,-45.999999999995055,-29.09999999999775,-16.899999999997306,26,13,13,247,16
999694,2007-05-30,888,-117.9999999999875,-86.99999999998988,-30.999999999997613,29,19,15,240,21
999695,2016-08-18,3294,25.70000000000931,47.90000000000532,-22.19999999999601,30,15,16,245,15
999696,2016-05-24,3232,-19.500000000004718,-5.600000000004286,-13.900000000000432,30,15,16,245,15
999697,2018-02-06,3677,-18.00000000001785,3.3999999999882675,-21.400000000006116,37,10,29,237,10
999698,2016-08-24,3298,-38.60000000000781,-39.90000000000464,1.2999999999968281,30,15,18,243,15
999699,2017-10-31,3607,-27.099999999995134,-7.299999999996658,-19.799999999998477,33,10,25,240,11
999700,2011-01-18,1837,30.30000000000274,50.500000000001194,-20.199999999998454,31,11,24,241,11
999701,2023-06-21,5078,26.499999999998977,49.19999999999811,-22.699999999999136,26,8,20,248,8
999702,2011-01-18,1837,8.600000000011448,20.00000000000705,-11.3999999999956,41,15,30,230,16
999703,2014-05-21,2708,-33.29999999999859,-16.700000000002092,-16.5999999999965,24,9,17,250,9
999704,2010-03-15,1616,-92.00000000000608,-109.50000000000483,17.49999999999875,32,12,21,242,13
999705,2014-04-09,2678,32.69999999998345,60.39999999998918,-27.70000000000573,29,14,17,245,14
999706,2011-09-26,2016,11.000000000004945,6.000000000004434,5.000000000000512,36,21,20,233,23
999707,2022-06-23,4819,-120.4000000000193,-133.00000000001342,12.599999999994111,29,7,24,245,7
999708,2022-01-27,4714,-57.50000000001387,-32.10000000000787,-25.400000000006003,37,17,21,236,19
999709,2008-08-11,1201,-126.50000000000057,-80.50000000000307,-45.9999999999975,37,12,28,236,12
999710,2020-07-14,4312,14.500000000001307,38.80000000000206,-24.30000000000075,28,17,13,244,19
999711,2013-08-19,2511,-26.899999999997135,-31.199999999999136,4.300000000002001,29,11,24,241,11
999712,2020-04-02,4239,-110.80000000000359,-62.50000000000068,-48.30000000000291,32,9,27,240,9
999713,2005-01-19,273,39.99999999999841,27.99999999999659,12.000000000001819,32,11,25,240,11
999714,2017-06-27,3517,30.299999999997397,83.59999999999866,-53.30000000000126,31,20,16,239,21
999715,2018-04-05,3719,-48.0,-32.09999999999866,-15.900000000001342,30,18,16,238,22
999716,2022-06-23,4819,-202.1000000000064,-187.20000000000948,-14.899999999996908,37,9,31,236,9
999717,2014-09-01,2781,-22.300000000018372,-2.0000000000121645,-20.300000000006207,31,19,15,242,19
999718,2008-12-01,1281,-248.99999999999147,-276.9999999999977,28.000000000006253,37,12,35,228,13
999719,2008-05-09,1135,-178.69999999998083,-136.09999999998922,-42.59999999999161,33,14,24,238,14
999720,2019-12-06,4155,-85.70000000000044,-77.90000000000163,-7.799999999998818,35,14,23,239,14
999721,2007-05-01,867,-46.00000000000307,-43.999999999999545,-2.0000000000035243,31,9,26,239,11
999722,2005-01-19,273,55.999999999994316,29.99999999999659,25.999999999997726,30,14,18,243,15
999723,2022-09-28,4888,127.80000000000393,123.9000000000018,3.9000000000021373,36,15,27,233,16
999724,2013-08-06,2502,-51.89999999999702,-51.59999999999707,-0.2999999999999545,29,14,17,245,14
999725,2004-02-23,36,-179.99999999999318,-110.99999999999795,-68.99999999999523,40,20,24,232,20
999726,2009-01-21,1318,191.99999999999312,123.49999999999699,68.49999999999613,47,17,59,200,17
999727,2006-04-21,600,-196.0999999999931,-180.59999999999525,-15.49999999999784,31,10,20,246,10
999728,2018-03-22,3709,-191.7000000000021,-165.1000000000015,-26.60000000000059,38,11,34,231,11
999729,2018-01-19,3665,-45.399999999992815,-54.59999999999354,9.200000000000728,25,10,16,249,11
999730,2010-04-30,1650,-129.00000000000114,-79.49999999999983,-49.50000000000131,34,15,26,234,16
999731,2010-12-20,1816,-71.10000000000082,-68.39999999999782,-2.7000000000030013,26,11,18,247,11
999732,2016-02-29,3171,-226.80000000000473,-222.80000000000274,-4.0000000000019895,38,14,27,234,15
999733,2020-11-13,4400,-8.099999999994964,9.000000000004604,-17.099999999999568,25,16,14,245,17
999734,2004-08-10,157,-3.637978807091713e-12,13.999999999997613,-14.00000000000125,23,6,18,251,7
999735,2016-08-02,3282,-75.10000000000724,-65.1000000000032,-10.000000000004036,43,16,28,231,17
999736,2018-08-31,3825,-117.99999999999898,-108.7000000000013,-9.29999999999768,37,8,28,240,8
999737,2007-05-03,869,-68.50000000000057,-47.49999999999841,-21.00000000000216,27,14,12,248,16
999738,2012-09-11,2267,-60.89999999999861,-45.70000000000016,-15.199999999998454,29,6,25,245,6
999739,2020-05-20,4273,41.39999999999816,32.299999999999216,9.099999999998943,22,13,8,254,14
999740,2022-07-01,4825,-302.8999999999894,-228.2999999999929,-74.5999999999965,53,17,42,216,18
999741,2015-11-13,3095,-139.5999999999999,-141.69999999999902,2.0999999999991132,30,12,18,246,12
999742,2006-03-15,573,-67.00000000000318,-32.500000000001705,-34.50000000000148,25,8,18,249,9
999743,2011-09-26,2016,-27.59999999999195,0.6000000000078671,-28.199999999999818,32,8,27,241,8
999744,2018-04-05,3719,-25.70000000000448,-21.500000000001137,-4.200000000003342,29,16,16,242,18
999745,2011-09-21,2013,-92.10000000000156,-96.70000000000033,4.599999999998772,38,13,29,232,15
999746,2017-12-29,3650,-55.09999999999229,-26.499999999993747,-28.599999999998545,29,17,12,247,17
999747,2013-02-28,2389,-122.29999999999359,-109.0999999999965,-13.19999999999709,39,15,26,233,17
999748,2011-05-16,1921,-19.899999999994577,2.0000000000041496,-21.899999999998727,45,18,32,226,18
999749,2012-12-19,2338,-50.59999999999923,-20.699999999999534,-29.899999999999693,33,13,20,242,14
999750,2012-02-10,2115,-70.8999999999993,-52.99999999999926,-17.900000000000034,35,17,19,239,18
999751,2012-12-19,2338,-31.199999999998568,-16.799999999997567,-14.400000000001,31,13,19,244,13
999752,2009-12-25,1560,-119.00000000000557,-94.40000000000623,-24.59999999999934,30,17,14,245,17
999753,2020-05-25,4276,-43.699999999999704,-27.700000000000614,-15.99999999999909,24,15,10,250,16
999754,2020-12-16,4423,-43.69999999999891,-41.200000000001125,-2.499999999997783,24,11,13,252,11
999755,2012-01-30,2106,-65.99999999999744,-88.19999999999834,22.200000000000898,32,14,19,243,14
999756,2004-11-09,222,2.0000000000042064,3.000000000001819,-0.9999999999976126,20,14,8,254,14
999757,2006-01-03,522,44.49999999999898,40.69999999999743,3.800000000001546,29,12,23,241,12
999758,2015-09-30,3063,-109.49999999999216,-109.49999999999523,3.069544618483633e-12,23,6,21,248,7
999759,2017-09-06,3568,-35.400000000004525,-9.70000000000448,-25.700000000000045,29,12,18,246,12
999760,2015-03-23,2926,70.10000000001241,77.50000000000932,-7.399999999996908,31,14,22,240,14
999761,2021-07-07,4568,-93.00000000000364,-60.80000000000007,-32.20000000000357,34,13,20,241,15
999762,2006-03-15,573,-24.700000000008572,-18.50000000000773,-6.200000000000841,27,9,18,249,9
999763,2013-02-01,2370,77.59999999999405,92.39999999999736,-14.800000000003308,38,15,28,233,15
999764,2010-09-02,1739,-44.00000000000034,-40.50000000000102,-3.499999999999318,26,9,21,246,9
999765,2016-09-29,3324,0.5000000000082423,11.200000000003854,-10.699999999995612,28,14,16,245,15
999766,2009-01-20,1317,-209.9999999999925,-200.49999999999113,-9.500000000001364,47,11,41,224,11
999767,2010-03-15,1616,-148.99999999999545,-149.4999999999992,0.5000000000037517,33,11,26,239,11
999768,2008-11-28,1280,-252.70000000000823,-246.700000000006,-6.000000000002217,38,10,31,235,10
999769,2005-06-14,377,-156.0000000000116,-155.7000000000097,-0.3000000000018872,37,13,26,236,14
999770,2016-10-31,3346,-42.699999999998795,-24.5999999999986,-18.100000000000193,24,13,13,250,13
999771,2008-01-02,1043,-146.99999999999136,-172.49999999999136,25.5,38,12,30,233,13
999772,2013-10-24,2559,0.40000000001396074,11.300000000014393,-10.900000000000432,31,12,20,244,12
999773,2012-03-19,2141,-49.80000000000098,-13.599999999999227,-36.20000000000175,34,15,21,239,16
999774,2022-09-22,4884,-517.8999999999974,-384.09999999999457,-133.8000000000028,40,10,41,224,11
999775,2009-11-27,1540,100.49999999999017,106.99999999999426,-6.500000000004093,29,11,27,238,11
999776,2008-08-08,1200,-402.30000000000234,-365.9999999999991,-36.30000000000325,40,13,31,232,13
999777,2020-05-26,4277,4.500000000003013,28.300000000002797,-23.799999999999784,33,17,21,238,17
999778,2017-08-10,3549,-103.69999999999698,-104.99999999999989,1.3000000000029104,33,13,23,240,13
999779,2023-02-28,4997,-47.40000000000873,-24.700000000008686,-22.700000000000045,33,9,26,239,11
999780,2010-09-02,1739,-3.999999999996305,-9.999999999996874,6.000000000000568,30,9,22,245,9
999781,2017-11-15,3618,-116.39999999999327,-109.800000000002,-6.599999999991269,32,12,22,242,12
999782,2013-11-20,2578,-125.99999999999886,-120.89999999999975,-5.099999999999113,40,16,26,232,18
999783,2017-04-05,3458,-111.6000000000032,-93.10000000000224,-18.500000000000966,34,18,18,239,19
999784,2016-09-23,3320,-20.900000000000034,-11.999999999998806,-8.900000000001228,31,14,18,243,15
999785,2024-04-08,5286,16.19999999999891,23.499999999999318,-7.300000000000409,21,9,14,253,9
999786,2019-08-19,4076,-13.600000000002808,-2.0000000000013074,-11.6000000000015,30,22,9,244,23
999787,2006-04-27,604,-7.499999999985562,-0.599999999994111,-6.899999999991451,31,20,13,243,20
999788,2023-01-24,4972,-113.69999999999641,-76.69999999999823,-36.99999999999818,36,10,27,238,11
999789,2010-09-02,1739,-123.50000000000739,-83.0000000000054,-40.50000000000199,28,13,15,248,13
999790,2006-08-21,686,-7.099999999999227,8.299999999999955,-15.399999999999181,28,12,17,246,13
999791,2011-09-26,2016,-61.79999999999899,-34.79999999999802,-27.000000000000966,37,14,28,233,15
999792,2023-10-06,5155,121.00000000000102,96.39999999999975,24.600000000001273,22,9,15,251,10
999793,2005-12-22,514,-114.99999999999318,-101.99999999999602,-12.999999999997158,32,13,20,243,13
999794,2024-03-29,5280,-30.899999999997135,-14.000000000000227,-16.899999999996908,33,11,22,242,12
999795,2013-07-18,2489,77.89999999998986,88.19999999999686,-10.300000000007003,29,13,17,245,14
999796,2010-02-15,1596,-90.00000000000153,-76.49999999999864,-13.500000000002899,25,12,15,248,13
999797,2018-03-26,3711,99.59999999999684,111.89999999999827,-12.300000000001432,30,12,18,246,12
999798,2014-08-01,2760,-6.600000000012415,-14.800000000007344,8.19999999999493,21,8,15,253,8
999799,2009-12-25,1560,-55.10000000002037,-34.1000000000123,-21.00000000000807,22,8,16,252,8
999800,2014-04-29,2692,-62.999999999994884,-49.399999999994975,-13.599999999999909,32,16,20,238,18
999801,2016-07-28,3279,-66.59999999999809,-51.09999999999883,-15.499999999999261,32,10,26,239,11
999802,2005-10-11,462,-62.599999999990246,-48.99999999999591,-13.599999999994338,32,13,19,244,13
999803,2004-05-18,97,-60.999999999994316,-76.99999999999875,16.000000000004434,35,51,21,71,184
999804,2018-07-04,3783,-68.900000000001,-22.499999999998522,-46.40000000000248,24,31,9,28,239
999805,2024-12-16,5466,-57.79999999999666,-16.399999999999523,-41.399999999997135,29,42,19,63,194
999806,2012-03-09,2135,-85.3999999999948,-53.89999999999509,-31.499999999999716,21,14,222,40,14
999807,2005-06-14,377,-21.90000000000805,-16.70000000000539,-5.20000000000266,12,10,224,41,11
999808,2011-09-07,2003,-25.699999999997544,-20.799999999997056,-4.900000000000489,11,17,239,19,18
999809,2024-04-08,5286,-10.099999999996953,2.0000000000045475,-12.1000000000015,18,10,231,35,10
999810,2010-09-10,1745,-0.5000000000003411,50.00000000000159,-50.50000000000193,17,12,230,34,12
999811,2013-04-19,2425,-75.80000000000189,7.500000000000227,-83.30000000000211,11,15,236,24,16
999812,2009-04-06,1371,-69.49999999999079,-103.49999999999909,34.0000000000083,40,60,35,113,128
999813,2022-12-30,4955,-34.09999999999684,-25.799999999997567,-8.299999999999272,15,15,226,34,16
999814,2004-01-23,15,-80.00000000000591,-88.00000000000273,7.999999999996817,16,8,250,17,9
999815,2024-11-25,5451,-57.79999999999495,-27.999999999996135,-29.799999999998818,30,11,23,241,12
999816,2022-07-19,4837,17.700000000005616,45.10000000000616,-27.400000000000546,30,13,21,241,14
999817,2022-02-16,4728,-49.09999999999968,-41.39999999999952,-7.700000000000159,29,16,16,243,17
999818,2007-12-11,1027,-248.49999999999739,-220.00000000000045,-28.49999999999693,33,47,20,93,163
999819,2012-05-23,2188,-108.30000000000797,-130.50000000000426,22.199999999996294,43,55,24,61,191
999820,2005-10-11,462,-38.10000000000059,-13.799999999999613,-24.300000000000978,24,36,16,47,213
999821,2023-09-04,5131,-19.100000000007526,-17.40000000000191,-1.7000000000056161,17,16,241,19,16
999822,2006-04-20,599,-50.49999999999625,-40.499999999995794,-10.000000000000455,39,48,16,55,205
999823,2014-09-30,2802,-2.6000000000026375,-16.69999999999675,14.099999999994111,15,18,237,20,19
999824,2007-12-11,1027,-6.499999999996817,-10.999999999994316,4.499999999997499,11,17,236,17,23
999825,2006-10-05,719,-47.00000000000648,-26.50000000000557,-20.50000000000091,17,9,231,36,9
999826,2016-11-22,3362,-14.200000000002547,-2.9000000000010004,-11.300000000001546,14,8,215,53,8
999827,2022-07-19,4837,84.70000000001232,124.50000000000705,-39.799999999994725,24,29,8,128,140
999828,2024-08-30,5390,-119.59999999999366,6.100000000001728,-125.69999999999538,27,35,13,70,193
999829,2012-12-24,2341,-79.3999999999977,-8.200000000001182,-71.19999999999652,27,38,13,48,215
999830,2020-02-21,4210,-136.99999999999977,-61.900000000000375,-75.0999999999994,27,41,19,55,202
999831,2012-11-28,2323,-172.1999999999892,-85.39999999999532,-86.79999999999387,34,36,10,50,216
999832,2006-10-18,728,-48.700000000007776,-33.20000000000539,-15.500000000002387,16,15,221,39,16
999833,2007-11-15,1009,-68.49999999999807,-100.99999999999739,32.49999999999932,20,12,229,33,14
999834,2018-10-12,3855,3.399999999998272,27.599999999999568,-24.200000000001296,11,15,225,33,18
999835,2005-07-19,402,-42.49999999998761,-26.099999999993315,-16.399999999994293,15,17,238,19,19
999836,2020-02-03,4196,-62.90000000000208,-33.40000000000066,-29.50000000000142,16,17,238,20,18
999837,2012-08-20,2251,-35.999999999997215,-12.80000000000058,-23.199999999996635,10,12,252,11,13
999838,2017-07-26,3538,-90.9999999999975,-31.30000000000132,-59.69999999999618,34,48,21,37,218
999839,2007-05-16,878,-33.500000000006594,-9.99999999999909,-23.500000000007503,9,13,249,14,13
999840,2014-11-04,2827,-41.19999999999493,-9.799999999998022,-31.399999999996908,12,13,240,23,13
999841,2024-03-05,5262,-4.300000000003251,-9.499999999998636,5.199999999995384,33,48,21,85,170
999842,2005-10-11,462,-22.79999999999893,-9.099999999999454,-13.699999999999477,11,15,244,17,15
999843,2023-06-21,5078,-169.19999999998845,-22.399999999995998,-146.79999999999245,28,46,22,32,222
999844,2018-02-06,3677,-84.19999999998413,-3.199999999992883,-80.99999999999125,41,62,31,89,156
999845,2017-02-15,3423,-57.799999999996885,-13.799999999998704,-43.99999999999818,23,42,23,46,207
999846,2011-11-29,2062,-117.79999999998881,-63.39999999999441,-54.39999999999441,36,52,23,102,151
999847,2004-02-24,37,9.999999999997385,14.000000000001819,-4.000000000004434,9,12,229,34,13
999848,2018-05-16,3748,-86.20000000001266,-59.50000000000523,-26.700000000007435,34,43,11,69,196
999849,2024-12-16,5466,8.89999999998588,33.199999999994134,-24.300000000008254,37,44,14,63,199
999850,2005-04-25,341,-17.999999999993747,-23.99999999999818,6.000000000004434,22,36,15,33,228
999851,2010-08-16,1726,-92.50000000000273,-57.50000000000125,-35.00000000000148,37,46,13,85,178
999852,2010-07-23,1710,-94.50000000000466,-78.50000000000193,-16.00000000000273,15,19,224,22,30
999853,2004-07-20,142,-53.0000000000058,-40.00000000000375,-13.000000000002046,16,9,250,17,9
999854,2016-07-28,3279,-136.59999999999485,-100.59999999999883,-35.99999999999602,19,16,218,24,34
999855,2023-08-21,5121,30.600000000003092,33.10000000000139,-2.4999999999982947,16,10,208,57,11
999856,2020-05-26,4277,-60.59999999999661,-26.299999999998647,-34.299999999997965,12,13,249,14,13
999857,2007-12-12,1028,69.00000000000739,93.00000000000512,-23.999999999997726,17,9,213,51,12
999858,2021-01-13,4443,-11.099999999999397,-14.299999999999272,3.199999999999875,21,31,13,37,226
999859,2004-11-09,222,-151.99999999999898,-52.99999999999977,-98.9999999999992,34,45,14,62,200
999860,2006-10-18,728,-14.399999999996794,-12.300000000002456,-2.0999999999943384,10,14,249,13,14
999861,2016-05-24,3232,-71.39999999999486,-12.199999999996294,-59.19999999999857,35,47,20,44,212
999862,2015-09-30,3063,-74.69999999999857,-69.80000000000052,-4.899999999998045,31,44,22,47,207
999863,2022-01-27,4714,-45.19999999999709,-17.399999999998613,-27.799999999998477,29,43,20,43,213
999864,2024-03-07,5264,-115.20000000001585,-81.4000000000101,-33.80000000000575,40,57,30,77,169
999865,2004-11-01,216,-60.00000000000796,-37.000000000002615,-23.000000000005343,18,7,241,26,9
999866,2019-11-04,4131,-29.7999999999941,-9.599999999995646,-20.199999999998454,12,11,252,13,11
999867,2015-09-30,3063,-10.899999999987813,-25.499999999992383,14.60000000000457,14,6,254,16,6
999868,2007-04-27,865,-21.599999999995248,-24.59999999999343,2.999999999998181,23,24,225,26,25
999869,2013-06-17,2466,-92.3999999999968,-48.9999999999975,-43.399999999999295,15,12,222,41,13
999870,2024-04-15,5291,-39.299999999997226,-26.099999999998204,-13.199999999999022,11,14,246,13,17
999871,2024-01-15,5226,-86.1999999999914,-8.200000000001296,-77.99999999999011,24,39,18,54,204
999872,2017-01-10,3397,-67.19999999999106,-62.1999999999951,-4.999999999995964,29,49,20,48,208
999873,2019-02-18,3946,-71.90000000000367,-21.300000000000523,-50.60000000000315,20,30,10,25,241
999874,2007-06-22,905,-112.49999999998931,-1.9999999999959073,-110.4999999999934,35,47,22,57,197
999875,2009-04-22,1383,-70.9999999999975,-36.99999999999926,-33.99999999999824,44,68,38,85,153
999876,2013-01-22,2362,-160.10000000001043,-92.5000000000042,-67.60000000000622,44,66,43,100,133
999877,2010-01-13,1573,40.999999999985675,33.49999999999193,7.499999999993747,16,15,224,36,16
999878,2023-12-04,5196,-75.19999999998288,-11.89999999998929,-63.29999999999359,32,45,20,66,190
999879,2013-02-01,2370,-22.299999999991826,65.90000000000339,-88.19999999999521,36,52,40,107,129
999880,2014-05-09,2700,-80.80000000000939,-51.59999999999877,-29.20000000001062,34,49,23,57,196
999881,2010-07-13,1702,-108.00000000001171,-1.0000000000071623,-107.00000000000455,37,62,31,70,175
999882,2017-04-28,3475,-180.6000000000064,-50.2000000000001,-130.4000000000063,35,52,25,63,188
999883,2008-11-21,1275,-62.300000000000466,-90.00000000000193,27.700000000001467,14,11,244,21,11
999884,2019-10-11,4115,15.799999999993418,20.599999999995987,-4.800000000002569,11,12,225,39,12
999885,2016-04-07,3199,-263.0999999999995,-177.79999999999768,-85.30000000000183,39,62,32,76,168
999886,2009-03-24,1362,-188.99999999999864,-140.49999999999955,-48.49999999999909,40,60,45,100,131
999887,2021-07-07,4568,-115.70000000000357,-52.20000000000255,-63.50000000000102,35,49,19,49,208
999888,2005-03-03,304,-92.0000000000091,-32.000000000004775,-60.00000000000432,31,46,20,50,206
999889,2010-04-30,1650,11.000000000000966,5.500000000000853,5.500000000000114,42,60,28,80,168
999890,2014-04-09,2678,-70.20000000000834,-34.70000000000334,-35.500000000005,9,16,243,15,18
999891,2008-09-12,1225,-140.29999999998768,-108.79999999999018,-31.4999999999975,18,10,219,47,10
999892,2010-04-30,1650,37.50000000001114,68.00000000000853,-30.499999999997385,32,12,22,242,12
999893,2010-12-09,1809,-36.400000000005775,-42.10000000000491,5.699999999999136,25,9,16,251,9
999894,2011-01-10,1831,-33.3000000000028,-0.6000000000024102,-32.70000000000039,12,10,236,29,11
999895,2022-05-24,4797,51.99999999998931,10.399999999993952,41.59999999999536,30,36,12,113,151
999896,2024-06-28,5345,-132.50000000001307,-46.800000000008936,-85.70000000000414,36,39,6,80,190
999897,2023-05-08,5046,-72.90000000000077,-23.799999999999955,-49.10000000000082,25,40,22,28,226
999898,2006-06-22,644,-36.49999999999886,-17.499999999994884,-19.00000000000398,15,14,240,21,15
999899,2006-03-13,571,-16.999999999987153,-11.499999999990564,-5.499999999996589,23,8,15,253,8
999900,2013-05-06,2436,-51.599999999994566,-40.49999999999807,-11.099999999996498,29,16,15,245,16
999901,2009-02-13,1335,-52.49999999999932,-55.5,3.000000000000682,18,15,232,29,15
999902,2007-12-12,1028,101.00000000000614,142.50000000000443,-41.499999999998295,37,24,15,225,36
999903,2013-11-15,2575,-42.20000000000152,1.0999999999989996,-43.30000000000052,35,17,18,238,20
999904,2020-12-02,4413,14.100000000000819,29.100000000000307,-14.999999999999488,29,16,13,246,17
999905,2015-09-10,3049,4.599999999993997,8.799999999992451,-4.199999999998454,17,20,215,39,22
999906,2010-06-02,1673,-47.999999999997215,-55.49999999999909,7.500000000001876,17,17,229,28,19
999907,2010-09-06,1741,18.500000000002785,-0.9999999999974989,19.500000000000284,17,13,235,27,14
999908,2021-01-21,4449,-10.900000000003956,-6.7000000000022055,-4.200000000001751,11,8,251,17,8
999909,2020-11-13,4400,-23.299999999998988,-7.899999999996851,-15.400000000002137,16,9,247,19,10
999910,2024-02-12,5246,-60.300000000002456,-38.80000000000348,-21.499999999998977,22,11,12,252,12
999911,2015-11-11,3093,-75.20000000000618,-47.60000000000571,-27.600000000000477,22,15,236,24,16
999912,2018-11-09,3875,-56.50000000000057,-37.999999999997044,-18.500000000003524,16,13,245,18,13
999913,2008-11-13,1269,199.0000000000013,295.5000000000004,-96.49999999999909,15,8,207,61,8
999914,2018-09-27,3844,-48.099999999998204,-47.49999999999682,-0.600000000001387,19,14,228,33,15
999915,2023-10-18,5163,21.59999999999536,-3.400000000003047,24.99999999999841,23,33,14,92,170
999916,2014-09-30,2802,-32.30000000000098,-12.500000000007276,-19.7999999999937,8,11,249,15,12
999917,2014-11-25,2842,-69.59999999998479,-40.299999999989154,-29.299999999995634,14,7,253,15,8
999918,2006-04-27,604,-42.500000000003524,-34.60000000000048,-7.900000000003047,22,15,231,28,17
999919,2018-04-06,3720,-50.50000000000114,-34.199999999993,-16.30000000000814,19,14,232,29,15
999920,2017-03-15,3443,-32.19999999999936,-20.199999999999363,-12.0,12,12,252,12,12
999921,2011-09-21,2013,-6.699999999999989,7.499999999998636,-14.199999999998624,19,13,210,53,13
999922,2005-12-23,515,-13.300000000006548,-8.400000000003615,-4.900000000002933,13,15,245,16,15
999923,2007-12-12,1028,19.500000000006708,121.49999999999886,-101.99999999999216,36,59,34,106,136
999924,2011-06-17,1945,-72.00000000000915,-42.50000000000108,-29.50000000000807,39,54,23,94,159
999925,2004-02-23,36,-253.00000000002956,-79.00000000001296,-174.0000000000166,37,61,31,75,170
999926,2014-05-07,2698,-95.99999999999795,-21.200000000002547,-74.7999999999954,29,46,19,38,219
999927,2004-06-25,125,-177.30000000001348,-30.10000000000332,-147.20000000001016,30,54,27,62,187
999928,2004-04-08,69,-17.000000000006594,-14.000000000002046,-3.0000000000045475,10,8,257,11,8
999929,2012-02-29,2128,2.7999999999938723,-18.200000000004934,20.999999999998806,13,10,231,35,10
999930,2004-01-23,15,-51.00000000000057,-34.99999999999784,-16.00000000000273,17,19,235,21,20
999931,2023-11-22,5188,-22.89999999999145,-12.999999999995907,-9.899999999995543,21,15,232,28,16
999932,2020-12-01,4412,56.99999999998607,91.99999999999204,-35.00000000000597,23,15,7,253,16
999933,2008-07-02,1173,-7.000000000006594,-9.500000000001137,2.499999999994543,17,16,206,54,16
999934,2015-03-23,2926,-37.69999999999948,-1.1999999999974307,-36.500000000002046,19,20,215,40,21
999935,2016-05-17,3227,-36.29999999999961,-12.500000000001648,-23.799999999997965,19,15,239,22,15
999936,2005-09-22,449,-127.6999999999997,-113.29999999999882,-14.400000000000887,32,16,19,239,18
999937,2022-01-27,4714,-37.300000000006776,-29.300000000007003,-7.999999999999773,32,14,20,242,14
999938,2024-06-24,5341,-30.00000000000705,-6.1000000000004775,-23.90000000000657,6,13,255,7,14
999939,2019-06-14,4030,-14.399999999994748,-13.199999999996464,-1.1999999999982833,19,9,244,23,9
999940,2019-08-05,4066,7.000000000005002,-15.099999999997635,22.100000000002638,15,10,248,18,10
999941,2008-09-24,1233,-23.499999999996362,-20.50000000000057,-2.9999999999957936,18,14,233,29,14
999942,2019-06-14,4030,-14.899999999998442,3.000000000002501,-17.900000000000944,13,18,230,28,18
999943,2006-09-01,695,-79.30000000000598,-58.20000000000243,-21.100000000003547,19,15,241,19,16
999944,2019-12-06,4155,-24.099999999997124,-1.5999999999972374,-22.499999999999886,12,13,247,16,13
999945,2014-10-29,2823,-25.699999999986517,-9.899999999990996,-15.79999999999552,10,9,255,12,9
999946,2022-09-22,4884,-223.3999999999877,-165.69999999999493,-57.69999999999277,37,61,45,104,127
999947,2006-03-08,568,-6.999999999991701,0.500000000005798,-7.499999999997499,15,11,202,62,12
999948,2016-11-22,3362,6.799999999996032,3.2999999999973397,3.4999999999986926,14,12,224,40,12
999949,2010-10-05,1762,-99.50000000000972,13.499999999995339,-113.00000000000506,26,42,26,51,199
999950,2023-01-02,4956,-110.50000000001535,-44.00000000000773,-66.50000000000762,40,53,17,63,196
999951,2017-11-24,3625,-115.89999999998804,11.10000000000673,-126.99999999999477,29,40,17,56,203
999952,2021-09-07,4612,-40.400000000003274,-25.500000000004547,-14.899999999998727,18,11,243,21,12
999953,2020-05-21,4274,-13.400000000003047,-17.70000000000175,4.299999999998704,34,49,18,68,190
999954,2024-03-05,5262,-54.8999999999827,-40.69999999998856,-14.199999999994134,30,44,20,44,212
999955,2024-04-08,5286,-36.3000000000045,-29.900000000004752,-6.39999999999975,17,13,246,17,13
999956,2018-09-27,3844,-52.09999999999741,-47.79999999999734,-4.300000000000068,18,15,234,27,15
999957,2024-01-08,5221,-82.00000000000648,-64.00000000000239,-18.000000000004093,26,10,15,250,11
999958,2022-05-25,4798,-32.70000000000357,-37.600000000000136,4.899999999996567,34,17,25,232,19
999959,2024-01-08,5221,-52.09999999999252,-56.899999999995885,4.800000000003365,28,9,18,249,9
999960,2012-10-24,2298,-77.9000000000022,-54.90000000000185,-23.00000000000034,31,14,20,242,14
999961,2011-12-05,2066,-32.60000000000349,-27.40000000000083,-5.20000000000266,18,10,234,32,10
999962,2020-03-31,4237,-5.000000000002672,-10.900000000000432,5.89999999999776,12,10,249,16,11
999963,2020-02-21,4210,-5.200000000002092,3.4999999999998295,-8.700000000001921,17,8,244,23,9
999964,2022-05-25,4798,-34.49999999999898,-11.499999999991928,-23.00000000000705,12,12,235,28,13
999965,2010-09-10,1745,-76.49999999999977,-38.999999999999204,-37.50000000000057,35,10,30,236,10
999966,2015-03-17,2922,-203.6999999999838,-90.59999999999525,-113.09999999998854,41,53,17,71,188
999967,2014-12-05,2850,-119.79999999998245,-16.199999999992656,-103.59999999998979,35,48,21,45,210
999968,2024-01-31,5238,-11.400000000021805,-82.5000000000108,71.099999999989,35,51,21,56,199
999969,2005-09-22,449,-46.50000000000091,-9.399999999997931,-37.10000000000298,14,21,237,16,23
999970,2012-05-21,2186,-97.99999999999488,-53.699999999998,-44.299999999996885,19,14,240,20,16
999971,2009-10-19,1511,-56.50000000000159,-27.999999999996817,-28.500000000004775,12,15,233,28,15
999972,2008-09-08,1221,-73.4999999999934,-15.49999999999659,-57.99999999999682,18,17,213,43,20
999973,2022-05-04,4783,-19.400000000004525,-6.300000000001091,-13.100000000003433,15,10,244,22,10
999974,2020-06-30,4302,-60.80000000000808,-29.500000000006196,-31.300000000001887,16,19,237,19,20
999975,2014-09-01,2781,-19.40000000000748,-10.900000000007026,-8.500000000000455,13,9,250,15,11
999976,2014-07-04,2740,-23.999999999997044,-20.999999999999318,-2.9999999999977263,14,13,247,16,13
999977,2014-01-09,2614,-38.800000000008254,-22.800000000008026,-16.000000000000227,11,10,253,12,11
999978,2021-09-06,4611,-41.30000000000143,-21.99999999999784,-19.300000000003593,29,37,10,31,235
999979,2008-01-29,1062,-100.99999999999955,-10.499999999998636,-90.50000000000091,34,54,30,78,168
999980,2018-09-06,3829,-118.70000000001198,-127.6000000000065,8.89999999999452,31,9,21,246,9
999981,2018-11-09,3875,-114.09999999999661,-99.79999999999791,-14.299999999998704,30,11,22,243,11
999982,2006-08-11,680,-37.29999999999666,-6.09999999999593,-31.200000000000728,26,12,14,250,12
999983,2006-12-01,760,-9.399999999994293,27.10000000000332,-36.49999999999761,23,12,12,251,13
999984,2012-08-23,2254,24.2000000000005,24.69999999999817,-0.4999999999976694,27,12,18,245,13
999985,2022-06-23,4819,-37.599999999999795,-33.09999999999752,-4.500000000002274,11,7,238,31,7
999986,2018-01-10,3658,-19.699999999995384,-6.800000000004275,-12.89999999999111,19,10,235,30,11
999987,2022-06-10,4810,-27.99999999999352,14.500000000003297,-42.49999999999682,10,14,212,48,16
999988,2007-12-12,1028,212.4999999999742,207.9999999999817,4.499999999992497,34,10,34,230,12
999989,2021-09-17,4620,-31.30000000000109,-26.100000000000477,-5.200000000000614,26,14,11,251,14
999990,2016-01-27,3148,-145.9000000000225,-29.10000000001253,-116.80000000000996,36,54,23,84,169
999991,2022-01-27,4714,6.4000000000013415,5.10000000000025,1.3000000000010914,14,15,217,42,17
999992,2009-11-19,1534,-346.50000000003297,-204.00000000001648,-142.50000000001648,44,70,34,58,184
999993,2013-02-20,2383,14.79999999999552,-39.800000000000466,54.59999999999599,40,52,26,117,133
999994,2017-08-18,3555,-204.0000000000088,-92.70000000000601,-111.3000000000028,34,50,23,63,190
999995,2024-01-31,5238,9.000000000003183,6.8000000000035925,2.1999999999995907,13,12,236,28,12
999996,2009-12-25,1560,-47.79999999999586,-22.89999999999509,-24.900000000000773,15,17,235,24,17
999997,2012-05-21,2186,-37.70000000000215,-30.800000000000125,-6.900000000002024,15,16,229,29,18
999998,2020-05-26,4277,-38.799999999995805,-5.199999999994816,-33.60000000000099,17,20,232,21,23
999999,2018-02-14,3683,-95.60000000001662,-45.30000000000905,-50.30000000000757,19,13,239,24,13
1000000,2006-09-11,701,14.999999999998408,32.00000000000159,-17.000000000003183,10,8,226,41,9
